id,date,dotw,total_steps,total_distance,tracker_distance,logged_activities_distance,very_active_distance,moderately_active_distance,light_active_distance,sedentary_active_distance,very_active_minutes,fairly_active_minutes,lightly_active_minutes,sedentary_minutes,calories
1,4/12/2016,Tuesday,13162,8.5,8.5,0,1.879999995,0.550000012,6.059999943,0,25,13,328,728,1985
1,4/13/2016,Wednesday,10735,6.96999979,6.96999979,0,1.570000052,0.689999998,4.710000038,0,21,19,217,776,1797
1,4/14/2016,Thursday,10460,6.739999771,6.739999771,0,2.440000057,0.400000006,3.910000086,0,30,11,181,1218,1776
1,4/15/2016,Friday,9762,6.28000021,6.28000021,0,2.140000105,1.25999999,2.829999924,0,29,34,209,726,1745
1,4/16/2016,Saturday,12669,8.159999847,8.159999847,0,2.710000038,0.409999996,5.039999962,0,36,10,221,773,1863
1,4/17/2016,Sunday,9705,6.480000019,6.480000019,0,3.190000057,0.779999971,2.50999999,0,38,20,164,539,1728
1,4/18/2016,Monday,13019,8.590000153,8.590000153,0,3.25,0.639999986,4.710000038,0,42,16,233,1149,1921
1,4/19/2016,Tuesday,15506,9.880000114,9.880000114,0,3.529999971,1.320000052,5.03000021,0,50,31,264,775,2035
1,4/20/2016,Wednesday,10544,6.679999828,6.679999828,0,1.960000038,0.479999989,4.239999771,0,28,12,205,818,1786
1,4/21/2016,Thursday,9819,6.340000153,6.340000153,0,1.340000033,0.349999994,4.650000095,0,19,8,211,838,1775
1,4/22/2016,Friday,12764,8.130000114,8.130000114,0,4.760000229,1.120000005,2.24000001,0,66,27,130,1217,1827
1,4/23/2016,Saturday,14371,9.039999962,9.039999962,0,2.809999943,0.870000005,5.360000134,0,41,21,262,732,1949
1,4/24/2016,Sunday,10039,6.409999847,6.409999847,0,2.920000076,0.209999993,3.279999971,0,39,5,238,709,1788
1,4/25/2016,Monday,15355,9.800000191,9.800000191,0,5.289999962,0.569999993,3.940000057,0,73,14,216,814,2013
1,4/26/2016,Tuesday,13755,8.789999962,8.789999962,0,2.329999924,0.920000017,5.539999962,0,31,23,279,833,1970
1,4/27/2016,Wednesday,18134,12.21000004,12.21000004,0,6.400000095,0.409999996,5.409999847,0,78,11,243,1108,2159
1,4/28/2016,Thursday,13154,8.529999733,8.529999733,0,3.539999962,1.159999967,3.789999962,0,48,28,189,782,1898
1,4/29/2016,Friday,11181,7.150000095,7.150000095,0,1.059999943,0.5,5.579999924,0,16,12,243,815,1837
1,4/30/2016,Saturday,14673,9.25,9.25,0,3.559999943,1.419999957,4.269999981,0,52,34,217,712,1947
1,5/1/2016,Sunday,10602,6.809999943,6.809999943,0,2.289999962,1.600000024,2.920000076,0,33,35,246,730,1820
1,5/2/2016,Monday,14727,9.710000038,9.710000038,0,3.210000038,0.569999993,5.920000076,0,41,15,277,798,2004
1,5/3/2016,Tuesday,15103,9.659999847,9.659999847,0,3.730000019,1.049999952,4.880000114,0,50,24,254,816,1990
1,5/4/2016,Wednesday,11100,7.150000095,7.150000095,0,2.460000038,0.870000005,3.819999933,0,36,22,203,1179,1819
1,5/5/2016,Thursday,14070,8.899999619,8.899999619,0,2.920000076,1.080000043,4.880000114,0,45,24,250,857,1959
1,5/6/2016,Friday,12159,8.029999733,8.029999733,0,1.970000029,0.25,5.809999943,0,24,6,289,754,1896
1,5/7/2016,Saturday,11992,7.710000038,7.710000038,0,2.460000038,2.119999886,3.130000114,0,37,46,175,833,1821
1,5/8/2016,Sunday,10060,6.579999924,6.579999924,0,3.529999971,0.319999993,2.730000019,0,44,8,203,574,1740
1,5/9/2016,Monday,12022,7.71999979,7.71999979,0,3.450000048,0.529999971,3.74000001,0,46,11,206,835,1819
1,5/10/2016,Tuesday,12207,7.769999981,7.769999981,0,3.349999905,1.159999967,3.25999999,0,46,31,214,746,1859
1,5/11/2016,Wednesday,12770,8.130000114,8.130000114,0,2.559999943,1.00999999,4.550000191,0,36,23,251,669,1783
1,5/12/2016,Thursday,0,0,0,0,0,0,0,0,0,0,0,1440,0
2,4/12/2016,Tuesday,8163,5.309999943,5.309999943,0,0,0,5.309999943,0,0,0,146,1294,1432
2,4/13/2016,Wednesday,7007,4.550000191,4.550000191,0,0,0,4.550000191,0,0,0,148,1292,1411
2,4/14/2016,Thursday,9107,5.920000076,5.920000076,0,0,0,5.909999847,0.01,0,0,236,1204,1572
2,4/15/2016,Friday,1510,0.980000019,0.980000019,0,0,0,0.970000029,0,0,0,96,1344,1344
2,4/16/2016,Saturday,5370,3.49000001,3.49000001,0,0,0,3.49000001,0,0,0,176,1264,1463
2,4/17/2016,Sunday,6175,4.059999943,4.059999943,0,1.029999971,1.519999981,1.49000001,0.01,15,22,127,1276,1554
2,4/18/2016,Monday,10536,7.409999847,7.409999847,0,2.150000095,0.620000005,4.619999886,0.01,17,7,202,1214,1604
2,4/19/2016,Tuesday,2916,1.899999976,1.899999976,0,0,0,1.899999976,0,0,0,141,1299,1435
2,4/20/2016,Wednesday,4974,3.230000019,3.230000019,0,0,0,3.230000019,0,0,0,151,1289,1446
2,4/21/2016,Thursday,6349,4.130000114,4.130000114,0,0,0,4.110000134,0.02,0,0,186,1254,1467
2,4/22/2016,Friday,4026,2.619999886,2.619999886,0,0,0,2.599999905,0,0,0,199,1241,1470
2,4/23/2016,Saturday,8538,5.550000191,5.550000191,0,0,0,5.539999962,0.01,0,0,227,1213,1562
2,4/24/2016,Sunday,6076,3.950000048,3.950000048,0,1.149999976,0.910000026,1.889999986,0,16,18,185,1221,1617
2,4/25/2016,Monday,6497,4.21999979,4.21999979,0,0,0,4.199999809,0.02,0,0,202,1238,1492
2,4/26/2016,Tuesday,2826,1.840000033,1.840000033,0,0,0,1.830000043,0.01,0,0,140,1300,1402
2,4/27/2016,Wednesday,8367,5.440000057,5.440000057,0,1.110000014,1.870000005,2.460000038,0,17,36,154,1233,1670
2,4/28/2016,Thursday,2759,1.789999962,1.789999962,0,0,0.200000003,1.600000024,0,0,5,115,1320,1401
2,4/29/2016,Friday,2390,1.549999952,1.549999952,0,0,0,1.549999952,0,0,0,150,1290,1404
2,4/30/2016,Saturday,6474,4.300000191,4.300000191,0,0.899999976,1.279999971,2.119999886,0.01,11,23,224,1182,1655
2,5/1/2016,Sunday,36019,28.03000069,28.03000069,0,21.92000008,4.190000057,1.909999967,0.02,186,63,171,1020,2690
2,5/2/2016,Monday,7155,4.929999828,4.929999828,0,0.860000014,0.589999974,3.470000029,0,7,6,166,1261,1497
2,5/3/2016,Tuesday,2100,1.370000005,1.370000005,0,0,0,1.340000033,0.02,0,0,96,1344,1334
2,5/4/2016,Wednesday,2193,1.429999948,1.429999948,0,0,0,1.419999957,0,0,0,118,1322,1368
2,5/5/2016,Thursday,2470,1.610000014,1.610000014,0,0,0,1.580000043,0.02,0,0,117,1323,1370
2,5/6/2016,Friday,1727,1.120000005,1.120000005,0,0,0,1.120000005,0.01,0,0,102,1338,1341
2,5/7/2016,Saturday,2104,1.370000005,1.370000005,0,0,0,1.370000005,0,0,0,182,1258,1474
2,5/8/2016,Sunday,3427,2.230000019,2.230000019,0,0,0,2.220000029,0,0,0,152,1288,1427
2,5/9/2016,Monday,1732,1.129999995,1.129999995,0,0,0,1.129999995,0,0,0,91,1349,1328
2,5/10/2016,Tuesday,2969,1.929999948,1.929999948,0,0,0,1.919999957,0.01,0,0,139,1301,1393
2,5/11/2016,Wednesday,3134,2.039999962,2.039999962,0,0,0,2.039999962,0,0,0,112,1328,1359
2,5/12/2016,Thursday,2971,1.929999948,1.929999948,0,0,0,1.919999957,0.01,0,0,107,890,1002
3,4/12/2016,Tuesday,10694,7.769999981,7.769999981,0,0.140000001,2.299999952,5.329999924,0,2,51,256,1131,3199
3,4/13/2016,Wednesday,8001,5.820000172,5.820000172,0,2.279999971,0.899999976,2.640000105,0,30,16,135,1259,2902
3,4/14/2016,Thursday,11037,8.020000458,8.020000458,0,0.360000014,2.559999943,5.099999905,0,5,58,252,1125,3226
3,4/15/2016,Friday,5263,3.829999924,3.829999924,0,0.219999999,0.150000006,3.450000048,0,3,4,170,1263,2750
3,4/16/2016,Saturday,15300,11.11999989,11.11999989,0,4.099999905,1.879999995,5.090000153,0,51,42,212,1135,3493
3,4/17/2016,Sunday,8757,6.369999886,6.369999886,0,2.25,0.569999993,3.549999952,0,29,13,186,1212,3011
3,4/18/2016,Monday,7132,5.190000057,5.190000057,0,1.070000052,1.669999957,2.450000048,0,15,33,121,1271,2806
3,4/19/2016,Tuesday,11256,8.180000305,8.180000305,0,0.360000014,2.529999971,5.300000191,0,5,58,278,1099,3300
3,4/20/2016,Wednesday,2436,1.769999981,1.769999981,0,0,0,1.75999999,0.01,0,0,125,1315,2430
3,4/21/2016,Thursday,1223,0.889999986,0.889999986,0,0,0,0.879999995,0.01,0,0,38,1402,2140
3,4/22/2016,Friday,3673,2.670000076,2.670000076,0,0,0,2.660000086,0.01,0,0,86,1354,2344
3,4/23/2016,Saturday,6637,4.829999924,4.829999924,0,0,0.579999983,4.25,0,0,15,160,1265,2677
3,4/24/2016,Sunday,3321,2.410000086,2.410000086,0,0,0,2.410000086,0,0,0,89,1351,2413
3,4/25/2016,Monday,3580,2.599999905,2.599999905,0,0.589999974,0.059999999,1.950000048,0,8,1,94,1337,2497
3,4/26/2016,Tuesday,9919,7.210000038,7.210000038,0,0.800000012,1.720000029,4.690000057,0,11,41,223,1165,3123
3,4/27/2016,Wednesday,3032,2.200000048,2.200000048,0,0,0,2.200000048,0,0,0,118,1322,2489
3,4/28/2016,Thursday,9405,6.840000153,6.840000153,0,0.200000003,2.319999933,4.309999943,0,3,53,227,1157,3108
3,4/29/2016,Friday,3176,2.309999943,2.309999943,0,0,0,2.309999943,0,0,0,120,1193,2498
3,4/30/2016,Saturday,18213,13.23999977,13.23999977,0,0.629999995,3.140000105,9.460000038,0,9,71,402,816,3846
3,5/1/2016,Sunday,6132,4.460000038,4.460000038,0,0.239999995,0.99000001,3.230000019,0,3,24,146,908,2696
3,5/2/2016,Monday,3758,2.730000019,2.730000019,0,0.07,0.310000002,2.349999905,0,1,7,148,682,2580
3,5/3/2016,Tuesday,12850,9.340000153,9.340000153,0,0.720000029,4.090000153,4.539999962,0,10,94,221,1115,3324
3,5/4/2016,Wednesday,2309,1.679999948,1.679999948,0,0,0,1.659999967,0.02,0,0,52,1388,2222
3,5/5/2016,Thursday,4363,3.190000057,3.190000057,0,0.519999981,0.540000021,2.130000114,0.01,6,12,81,1341,2463
3,5/6/2016,Friday,9787,7.119999886,7.119999886,0,0.819999993,0.270000011,6.010000229,0.02,11,6,369,1054,3328
3,5/7/2016,Saturday,13372,9.720000267,9.720000267,0,3.25999999,0.790000021,5.670000076,0.01,41,17,243,1139,3404
3,5/8/2016,Sunday,6724,4.889999866,4.889999866,0,0,0,4.880000114,0,0,0,295,991,2987
3,5/9/2016,Monday,6643,4.829999924,4.829999924,0,2.390000105,0.349999994,2.089999914,0.01,32,6,303,1099,3008
3,5/10/2016,Tuesday,9167,6.659999847,6.659999847,0,0.879999995,0.810000002,4.96999979,0.01,12,19,155,1254,2799
3,5/11/2016,Wednesday,1329,0.970000029,0.970000029,0,0,0,0.949999988,0.01,0,0,49,713,1276
4,4/12/2016,Tuesday,6697,4.429999828,4.429999828,0,0,0,4.429999828,0,0,0,339,1101,2030
4,4/13/2016,Wednesday,4929,3.25999999,3.25999999,0,0,0,3.25999999,0,0,0,248,1192,1860
4,4/14/2016,Thursday,7937,5.25,5.25,0,0,0,5.230000019,0,0,0,373,843,2130
4,4/15/2016,Friday,3844,2.539999962,2.539999962,0,0,0,2.539999962,0,0,0,176,527,1725
4,4/16/2016,Saturday,3414,2.25999999,2.25999999,0,0,0,2.25999999,0,0,0,147,1293,1657
4,4/17/2016,Sunday,4525,2.99000001,2.99000001,0,0.140000001,0.25999999,2.589999914,0,2,8,199,1231,1793
4,4/18/2016,Monday,4597,3.039999962,3.039999962,0,0,0.479999989,2.559999943,0,0,12,217,1211,1814
4,4/19/2016,Tuesday,197,0.129999995,0.129999995,0,0,0,0.129999995,0,0,0,10,1430,1366
4,4/20/2016,Wednesday,8,0.01,0.01,0,0,0,0.01,0,0,0,1,1439,1349
4,4/21/2016,Thursday,8054,5.320000172,5.320000172,0,0.119999997,0.519999981,4.679999828,0,2,13,308,1117,2062
4,4/22/2016,Friday,5372,3.549999952,3.549999952,0,0,0,3.549999952,0,0,0,220,1220,1827
4,4/23/2016,Saturday,3570,2.359999895,2.359999895,0,0,0,2.359999895,0,0,0,139,1301,1645
4,4/24/2016,Sunday,0,0,0,0,0,0,0,0,0,0,0,1440,1347
4,4/25/2016,Monday,0,0,0,0,0,0,0,0,0,0,0,1440,1347
4,4/26/2016,Tuesday,0,0,0,0,0,0,0,0,0,0,0,1440,1347
4,4/27/2016,Wednesday,4,0,0,0,0,0,0,0,0,0,1,1439,1348
4,4/28/2016,Thursday,6907,4.570000172,4.570000172,0,0,0,4.559999943,0,0,0,302,1138,1992
4,4/29/2016,Friday,4920,3.25,3.25,0,0,0,3.25,0,0,0,247,1082,1856
4,4/30/2016,Saturday,4014,2.670000076,2.670000076,0,0,0,2.650000095,0,0,0,184,218,1763
4,5/1/2016,Sunday,2573,1.700000048,1.700000048,0,0,0.25999999,1.450000048,0,0,7,75,585,1541
4,5/2/2016,Monday,0,0,0,0,0,0,0,0,0,0,0,1440,1348
4,5/3/2016,Tuesday,4059,2.680000067,2.680000067,0,0,0,2.680000067,0,0,0,184,1256,1742
4,5/4/2016,Wednesday,2080,1.370000005,1.370000005,0,0,0,1.370000005,0,0,0,87,1353,1549
4,5/5/2016,Thursday,2237,1.480000019,1.480000019,0,0,0,1.480000019,0,0,0,120,1320,1589
4,5/6/2016,Friday,44,0.029999999,0.029999999,0,0,0,0.029999999,0,0,0,2,1438,1351
4,5/7/2016,Saturday,0,0,0,0,0,0,0,0,0,0,0,1440,1347
4,5/8/2016,Sunday,0,0,0,0,0,0,0,0,0,0,0,1440,1347
4,5/9/2016,Monday,0,0,0,0,0,0,0,0,0,0,0,1440,1347
4,5/10/2016,Tuesday,0,0,0,0,0,0,0,0,0,0,0,1440,1347
4,5/11/2016,Wednesday,0,0,0,0,0,0,0,0,0,0,0,1440,1347
4,5/12/2016,Thursday,0,0,0,0,0,0,0,0,0,0,0,711,665
5,4/12/2016,Tuesday,678,0.469999999,0.469999999,0,0,0,0.469999999,0,0,0,55,734,2220
5,4/13/2016,Wednesday,356,0.25,0.25,0,0,0,0.25,0,0,0,32,986,2151
5,4/14/2016,Thursday,2163,1.5,1.5,0,0,0.400000006,1.100000024,0,0,9,88,1292,2383
5,4/15/2016,Friday,980,0.680000007,0.680000007,0,0,0,0.680000007,0,0,0,51,941,2221
5,4/16/2016,Saturday,0,0,0,0,0,0,0,0,0,0,0,1440,2064
5,4/17/2016,Sunday,0,0,0,0,0,0,0,0,0,0,0,1440,2063
5,4/18/2016,Monday,244,0.170000002,0.170000002,0,0,0,0.170000002,0,0,0,17,1423,2111
5,4/19/2016,Tuesday,0,0,0,0,0,0,0,0,0,0,0,1440,2063
5,4/20/2016,Wednesday,0,0,0,0,0,0,0,0,0,0,0,1440,2063
5,4/21/2016,Thursday,0,0,0,0,0,0,0,0,0,0,0,1440,2064
5,4/22/2016,Friday,149,0.100000001,0.100000001,0,0,0,0.100000001,0,0,0,10,1430,2093
5,4/23/2016,Saturday,2945,2.039999962,2.039999962,0,0,0,2.039999962,0,0,0,145,1295,2499
5,4/24/2016,Sunday,2090,1.450000048,1.450000048,0,0.07,0.239999995,1.139999986,0,1,6,75,1358,2324
5,4/25/2016,Monday,152,0.109999999,0.109999999,0,0,0,0.109999999,0,0,0,12,1303,2100
5,4/26/2016,Tuesday,3761,2.599999905,2.599999905,0,0,0,2.599999905,0,0,0,192,1058,2638
5,4/27/2016,Wednesday,0,0,0,0,0,0,0,0,0,0,0,1440,2063
5,4/28/2016,Thursday,1675,1.159999967,1.159999967,0,0,0,1.159999967,0,0,0,95,1167,2351
5,4/29/2016,Friday,0,0,0,0,0,0,0,0,0,0,0,1440,2063
5,4/30/2016,Saturday,0,0,0,0,0,0,0,0,0,0,0,1440,2064
5,5/1/2016,Sunday,2704,1.870000005,1.870000005,0,1.00999999,0.029999999,0.829999983,0,14,1,70,1355,2411
5,5/2/2016,Monday,3790,2.619999886,2.619999886,0,1.159999967,0.300000012,1.159999967,0,16,8,94,1322,2505
5,5/3/2016,Tuesday,1326,0.920000017,0.920000017,0,0.730000019,0,0.180000007,0,10,0,17,1413,2195
5,5/4/2016,Wednesday,1786,1.24000001,1.24000001,0,0,0,1.24000001,0,0,0,87,1353,2338
5,5/5/2016,Thursday,0,0,0,0,0,0,0,0,0,0,0,1440,2063
5,5/6/2016,Friday,2091,1.450000048,1.450000048,0,0,0,1.450000048,0,0,0,108,1332,2383
5,5/7/2016,Saturday,1510,1.039999962,1.039999962,0,0,0,1.039999962,0,0,0,48,1392,2229
5,5/8/2016,Sunday,0,0,0,0,0,0,0,0,0,0,0,1440,2063
5,5/9/2016,Monday,0,0,0,0,0,0,0,0,0,0,0,1440,2063
5,5/10/2016,Tuesday,0,0,0,0,0,0,0,0,0,0,0,1440,2063
5,5/11/2016,Wednesday,0,0,0,0,0,0,0,0,0,0,0,1440,2063
5,5/12/2016,Thursday,0,0,0,0,0,0,0,0,0,0,0,966,1383
6,4/12/2016,Tuesday,11875,8.340000153,8.340000153,0,3.309999943,0.769999981,4.260000229,0,42,14,227,1157,2390
6,4/13/2016,Wednesday,12024,8.5,8.5,0,2.99000001,0.100000001,5.409999847,0,43,5,292,1100,2601
6,4/14/2016,Thursday,10690,7.5,7.5,0,2.480000019,0.209999993,4.820000172,0,32,3,257,1148,2312
6,4/15/2016,Friday,11034,8.029999733,8.029999733,0,1.940000057,0.310000002,5.78000021,0,27,9,282,1122,2525
6,4/16/2016,Saturday,10100,7.090000153,7.090000153,0,3.150000095,0.550000012,3.390000105,0,41,11,151,1237,2177
6,4/17/2016,Sunday,15112,11.39999962,11.39999962,0,3.869999886,0.660000026,6.880000114,0,28,29,331,1052,2782
6,4/18/2016,Monday,14131,10.06999969,10.06999969,0,3.640000105,0.119999997,6.300000191,0,48,3,311,1078,2770
6,4/19/2016,Tuesday,11548,8.529999733,8.529999733,0,3.289999962,0.239999995,5,0,31,7,250,1152,2489
6,4/20/2016,Wednesday,15112,10.67000008,10.67000008,0,3.339999914,1.929999948,5.400000095,0,48,63,276,1053,2897
6,4/21/2016,Thursday,12453,8.739999771,8.739999771,0,3.329999924,1.110000014,4.309999943,0,104,53,255,1028,3158
6,4/22/2016,Friday,12954,9.329999924,9.329999924,0,4.429999828,0.419999987,4.46999979,0,52,10,273,1105,2638
6,4/23/2016,Saturday,6001,4.210000038,4.210000038,0,0,0,4.210000038,0,0,0,249,1191,2069
6,4/24/2016,Sunday,13481,10.27999973,10.27999973,0,4.550000191,1.149999976,4.579999924,0,37,26,216,1161,2529
6,4/25/2016,Monday,11369,8.010000229,8.010000229,0,3.329999924,0.219999999,4.460000038,0,44,8,217,1171,2470
6,4/26/2016,Tuesday,10119,7.190000057,7.190000057,0,1.429999948,0.660000026,5.110000134,0,55,24,275,1086,2793
6,4/27/2016,Wednesday,10159,7.130000114,7.130000114,0,1.039999962,0.970000029,5.119999886,0,19,20,282,1119,2463
6,4/28/2016,Thursday,10140,7.119999886,7.119999886,0,0.409999996,1.330000043,5.389999866,0,6,20,291,1123,2296
6,4/29/2016,Friday,10245,7.190000057,7.190000057,0,0.479999989,1.210000038,5.5,0,21,40,281,1098,2611
6,4/30/2016,Saturday,18387,12.90999985,12.90999985,0,0.939999998,1.399999976,10.56999969,0,13,23,361,1043,2732
6,5/1/2016,Sunday,10538,7.400000095,7.400000095,0,1.940000057,0.959999979,4.5,0,25,28,245,1142,2380
6,5/2/2016,Monday,10379,7.289999962,7.289999962,0,2.609999895,0.340000004,4.329999924,0,36,8,277,1119,2473
6,5/3/2016,Tuesday,12183,8.739999771,8.739999771,0,3.99000001,0.460000008,4.28000021,0,72,14,250,1104,2752
6,5/4/2016,Wednesday,11768,8.289999962,8.289999962,0,2.50999999,0.930000007,4.849999905,0,36,27,272,1105,2649
6,5/5/2016,Thursday,11895,8.350000381,8.350000381,0,2.789999962,0.860000014,4.699999809,0,55,20,253,1112,2609
6,5/6/2016,Friday,10227,7.179999828,7.179999828,0,1.870000005,0.670000017,4.639999866,0,24,17,295,1104,2498
6,5/7/2016,Saturday,6708,4.710000038,4.710000038,0,1.610000014,0.079999998,3.019999981,0,20,2,149,1269,1995
6,5/8/2016,Sunday,3292,2.309999943,2.309999943,0,0,0,2.309999943,0,0,0,135,1305,1848
6,5/9/2016,Monday,13379,9.390000343,9.390000343,0,2.119999886,1.629999995,5.639999866,0,35,47,297,1061,2709
6,5/10/2016,Tuesday,12798,8.979999542,8.979999542,0,2.220000029,1.210000038,5.559999943,0,57,28,271,1084,2797
6,5/11/2016,Wednesday,13272,9.319999695,9.319999695,0,4.179999828,1.149999976,3.99000001,0,58,25,224,1133,2544
6,5/12/2016,Thursday,9117,6.409999847,6.409999847,0,1.279999971,0.670000017,4.440000057,0,16,16,236,728,1853
7,4/12/2016,Tuesday,4414,2.74000001,2.74000001,0,0.189999998,0.349999994,2.200000048,0,3,8,181,706,1459
7,4/13/2016,Wednesday,4993,3.099999905,3.099999905,0,0,0,3.099999905,0,0,0,238,663,1521
7,4/14/2016,Thursday,3335,2.069999933,2.069999933,0,0,0,2.049999952,0,0,0,197,653,1431
7,4/15/2016,Friday,3821,2.369999886,2.369999886,0,0,0,2.369999886,0,0,0,188,687,1444
7,4/16/2016,Saturday,2547,1.580000043,1.580000043,0,0,0,1.580000043,0,0,0,150,728,1373
7,4/17/2016,Sunday,838,0.519999981,0.519999981,0,0,0,0.519999981,0,0,0,60,1053,1214
7,4/18/2016,Monday,3325,2.059999943,2.059999943,0,0,0,2.059999943,0,0,0,182,1062,1419
7,4/19/2016,Tuesday,2424,1.5,1.5,0,0,0,1.5,0,0,0,141,785,1356
7,4/20/2016,Wednesday,7222,4.480000019,4.480000019,0,0,0,4.480000019,0,0,0,327,623,1667
7,4/21/2016,Thursday,2467,1.529999971,1.529999971,0,0,0,1.529999971,0,0,0,153,749,1370
7,4/22/2016,Friday,2915,1.809999943,1.809999943,0,0,0,1.809999943,0,0,0,162,712,1399
7,4/23/2016,Saturday,12357,7.710000038,7.710000038,0,0,0,7.710000038,0,0,0,432,458,1916
7,4/24/2016,Sunday,3490,2.160000086,2.160000086,0,0,0,2.160000086,0,0,0,164,704,1401
7,4/25/2016,Monday,6017,3.730000019,3.730000019,0,0,0,3.730000019,0,0,0,260,821,1576
7,4/26/2016,Tuesday,5933,3.680000067,3.680000067,0,0,0,3.680000067,0,0,0,288,1018,1595
7,4/27/2016,Wednesday,6088,3.769999981,3.769999981,0,0,0,3.769999981,0,0,0,286,586,1593
7,4/28/2016,Thursday,6375,3.950000048,3.950000048,0,0,0,3.950000048,0,0,0,331,626,1649
7,4/29/2016,Friday,7604,4.710000038,4.710000038,0,0,0,4.710000038,0,0,0,352,492,1692
7,4/30/2016,Saturday,4729,2.930000067,2.930000067,0,0,0,2.930000067,0,0,0,233,594,1506
7,5/1/2016,Sunday,3609,2.279999971,2.279999971,0,0,0,2.279999971,0,0,0,191,716,1447
7,5/2/2016,Monday,7018,4.349999905,4.349999905,0,0,0,4.349999905,0,0,0,355,716,1690
7,5/3/2016,Tuesday,5992,3.720000029,3.720000029,0,0,0,3.720000029,0,0,0,304,981,1604
7,5/4/2016,Wednesday,6564,4.070000172,4.070000172,0,0,0,4.070000172,0,0,0,345,530,1658
7,5/5/2016,Thursday,12167,7.539999962,7.539999962,0,0,0,7.539999962,0,0,0,475,479,1926
7,5/6/2016,Friday,8198,5.079999924,5.079999924,0,0,0,5.079999924,0,0,0,383,511,1736
7,5/7/2016,Saturday,4193,2.599999905,2.599999905,0,0,0,2.599999905,0,0,0,229,665,1491
7,5/8/2016,Sunday,5528,3.450000048,3.450000048,0,0,0,3.450000048,0,0,0,258,610,1555
7,5/9/2016,Monday,10685,6.619999886,6.619999886,0,0,0,6.599999905,0,0,0,401,543,1869
7,5/10/2016,Tuesday,254,0.159999996,0.159999996,0,0,0,0.159999996,0,0,0,17,1002,1141
7,5/11/2016,Wednesday,8580,5.320000172,5.320000172,0,0,0,5.320000172,0,0,0,330,569,1698
7,5/12/2016,Thursday,8891,5.510000229,5.510000229,0,0,0,5.510000229,0,0,0,343,330,1364
8,4/12/2016,Tuesday,10725,7.489999771,7.489999771,0,1.169999957,0.310000002,6.010000229,0,13,9,306,1112,2124
8,4/13/2016,Wednesday,7275,4.900000095,4.900000095,0,0,0,4.900000095,0,0,0,335,1105,2003
8,4/14/2016,Thursday,3973,2.680000067,2.680000067,0,0,0,2.680000067,0,0,0,191,1249,1696
8,4/15/2016,Friday,5205,3.50999999,3.50999999,0,0,0,3.50999999,0,0,0,245,1195,1801
8,4/16/2016,Saturday,5057,3.410000086,3.410000086,0,0,0,3.400000095,0,0,0,195,1245,1724
8,4/17/2016,Sunday,6198,4.179999828,4.179999828,0,0,0,4.179999828,0,0,0,249,1191,1852
8,4/18/2016,Monday,6559,4.420000076,4.420000076,0,0,0.25999999,4.139999866,0,0,7,260,1173,1905
8,4/19/2016,Tuesday,5997,4.039999962,4.039999962,0,0,0.379999995,3.660000086,0,0,11,228,1201,1811
8,4/20/2016,Wednesday,7192,4.849999905,4.849999905,0,0,0.49000001,4.340000153,0,0,11,283,1146,1922
8,4/21/2016,Thursday,3404,2.289999962,2.289999962,0,0.059999999,0.419999987,1.809999943,0,1,10,127,1302,1610
8,4/22/2016,Friday,5583,3.75999999,3.75999999,0,0,0,3.75999999,0,0,0,266,1174,1851
8,4/23/2016,Saturday,5079,3.420000076,3.420000076,0,0,0,3.420000076,0,0,0,242,1129,1804
8,4/24/2016,Sunday,4165,2.809999943,2.809999943,0,0,0,2.799999952,0,0,0,204,1236,1725
8,4/25/2016,Monday,3588,2.420000076,2.420000076,0,0.230000004,0.200000003,1.99000001,0,3,5,152,1280,1654
8,4/26/2016,Tuesday,3409,2.299999952,2.299999952,0,0,0,2.299999952,0,0,0,147,1293,1632
8,4/27/2016,Wednesday,1715,1.159999967,1.159999967,0,0,0,1.159999967,0,0,0,82,1358,1481
8,4/28/2016,Thursday,1532,1.029999971,1.029999971,0,0,0,1.029999971,0,0,0,76,1364,1473
8,4/29/2016,Friday,924,0.620000005,0.620000005,0,0,0,0.620000005,0,0,0,45,1395,1410
8,4/30/2016,Saturday,4571,3.079999924,3.079999924,0,0,0,3.069999933,0,0,0,234,1206,1779
8,5/1/2016,Sunday,772,0.519999981,0.519999981,0,0,0,0.519999981,0,0,0,40,1400,1403
8,5/2/2016,Monday,3634,2.450000048,2.450000048,0,0.360000014,0.209999993,1.879999995,0,5,6,123,1306,1613
8,5/3/2016,Tuesday,7443,5.019999981,5.019999981,0,1.49000001,0.370000005,3.160000086,0,20,10,206,1204,1878
8,5/4/2016,Wednesday,1201,0.810000002,0.810000002,0,0,0,0.810000002,0,0,0,52,1388,1426
8,5/5/2016,Thursday,5202,3.50999999,3.50999999,0,0,0.389999986,3.109999895,0,0,11,223,1206,1780
8,5/6/2016,Friday,4878,3.289999962,3.289999962,0,0,0,3.289999962,0,0,0,204,1236,1742
8,5/7/2016,Saturday,7379,4.96999979,4.96999979,0,0,0,4.96999979,0,0,0,319,1121,1972
8,5/8/2016,Sunday,5161,3.480000019,3.480000019,0,0,0,3.470000029,0,0,0,247,1193,1821
8,5/9/2016,Monday,3090,2.079999924,2.079999924,0,0,0,2.079999924,0,0,0,145,1295,1630
8,5/10/2016,Tuesday,6227,4.199999809,4.199999809,0,0,0,4.199999809,0,0,0,290,1150,1899
8,5/11/2016,Wednesday,6424,4.329999924,4.329999924,0,0,0,4.329999924,0,0,0,300,1140,1903
8,5/12/2016,Thursday,2661,1.789999962,1.789999962,0,0,0,1.789999962,0,0,0,128,830,1125
9,4/12/2016,Tuesday,10113,6.829999924,6.829999924,0,2,0.620000005,4.199999809,0,28,13,320,964,2344
9,4/13/2016,Wednesday,10352,7.010000229,7.010000229,0,1.659999967,1.940000057,3.410000086,0,19,32,195,676,2038
9,4/14/2016,Thursday,10129,6.699999809,6.699999809,0,0.02,2.74000001,3.940000057,0,1,48,206,705,2010
9,4/15/2016,Friday,10465,6.920000076,6.920000076,0,0.07,1.419999957,5.429999828,0,1,24,284,720,2133
9,4/16/2016,Saturday,22244,15.07999992,15.07999992,0,5.449999809,4.099999905,5.53000021,0,66,72,268,968,2670
9,4/17/2016,Sunday,5472,3.619999886,3.619999886,0,0.079999998,0.280000001,3.25999999,0,1,7,249,508,1882
9,4/18/2016,Monday,8247,5.449999809,5.449999809,0,0.790000021,0.860000014,3.789999962,0,11,16,206,678,1944
9,4/19/2016,Tuesday,6711,4.440000057,4.440000057,0,0,0,4.440000057,0,0,7,382,648,2346
9,4/20/2016,Wednesday,10999,7.269999981,7.269999981,0,0.680000007,1.809999943,4.78000021,0,11,43,269,1011,2198
9,4/21/2016,Thursday,10080,6.75,6.75,0,1.850000024,1.529999971,3.380000114,0,23,26,208,761,2048
9,4/22/2016,Friday,7804,5.159999847,5.159999847,0,0.560000002,1.679999948,2.920000076,0,9,27,206,781,1946
9,4/23/2016,Saturday,16901,11.36999989,11.36999989,0,2.779999971,1.450000048,7.150000095,0,32,35,360,591,2629
9,4/24/2016,Sunday,9471,6.260000229,6.260000229,0,0,0,6.260000229,0,0,0,360,584,2187
9,4/25/2016,Monday,9482,6.380000114,6.380000114,0,1.269999981,0.519999981,4.599999905,0,15,11,277,653,2095
9,4/26/2016,Tuesday,5980,3.950000048,3.950000048,0,0,0,3.950000048,0,0,0,227,732,1861
9,4/27/2016,Wednesday,11423,7.579999924,7.579999924,0,1.860000014,0.400000006,5.320000172,0,26,9,295,623,2194
9,4/28/2016,Thursday,5439,3.599999905,3.599999905,0,0,0,3.599999905,0,0,0,229,764,1854
9,4/29/2016,Friday,42,0.029999999,0.029999999,0,0,0,0.029999999,0,0,0,4,2,403
10,4/12/2016,Tuesday,8796,5.909999847,5.909999847,0,0.109999999,0.930000007,4.880000114,0,2,21,356,1061,1982
10,4/13/2016,Wednesday,7618,5.119999886,5.119999886,0,0,0.219999999,4.880000114,0.02,0,8,404,1028,2004
10,4/14/2016,Thursday,7910,5.320000172,5.320000172,0,0,0,5.320000172,0,0,0,331,1109,1893
10,4/15/2016,Friday,8482,5.699999809,5.699999809,0,0,0,5.690000057,0.01,0,0,448,992,2063
10,4/16/2016,Saturday,9685,6.650000095,6.650000095,0,3.109999895,0.02,3.50999999,0.01,47,1,305,1087,2148
10,4/17/2016,Sunday,2524,1.700000048,1.700000048,0,0,0.349999994,1.340000033,0,0,8,160,1272,1529
10,4/18/2016,Monday,7762,5.239999771,5.239999771,0,0.07,0.280000001,4.889999866,0,1,6,311,1122,1890
10,4/19/2016,Tuesday,7948,5.369999886,5.369999886,0,0,0,5.360000134,0,0,0,389,1051,1956
10,4/20/2016,Wednesday,9202,6.300000191,6.300000191,0,1.50999999,0.119999997,4.659999847,0.01,22,5,378,1035,2094
10,4/21/2016,Thursday,8859,5.980000019,5.980000019,0,0.129999995,0.370000005,5.46999979,0.01,2,10,371,1057,1970
10,4/22/2016,Friday,7286,4.900000095,4.900000095,0,0.460000008,0,4.420000076,0.02,46,0,366,1028,2241
10,4/23/2016,Saturday,9317,6.349999905,6.349999905,0,2.089999914,0.230000004,4.019999981,0.01,28,5,330,1077,2021
10,4/24/2016,Sunday,6873,4.679999828,4.679999828,0,3,0.059999999,1.620000005,0,46,1,190,1203,1898
10,4/25/2016,Monday,7373,4.949999809,4.949999809,0,0,0,4.949999809,0,0,0,359,1081,1907
10,4/26/2016,Tuesday,8242,5.539999962,5.539999962,0,0.119999997,0.180000007,5.239999771,0,2,5,309,1124,1882
10,4/27/2016,Wednesday,3516,2.359999895,2.359999895,0,0,0,2.359999895,0,46,0,197,1197,1966
10,4/28/2016,Thursday,7913,5.409999847,5.409999847,0,2.160000086,0.340000004,2.910000086,0,28,7,213,1192,1835
10,4/29/2016,Friday,7365,4.949999809,4.949999809,0,1.360000014,1.409999967,2.180000067,0,20,23,206,1191,1780
10,4/30/2016,Saturday,8452,5.679999828,5.679999828,0,0.330000013,1.080000043,4.260000229,0.01,5,20,248,1167,1830
10,5/1/2016,Sunday,7399,4.96999979,4.96999979,0,0.49000001,1.039999962,3.440000057,0,7,18,196,1219,1739
10,5/2/2016,Monday,7525,5.059999943,5.059999943,0,0,0.209999993,4.829999924,0.02,0,7,334,1099,1878
10,5/3/2016,Tuesday,7412,4.980000019,4.980000019,0,0.059999999,0.25,4.659999847,0.01,1,6,363,1070,1906
10,5/4/2016,Wednesday,8278,5.559999943,5.559999943,0,0,0,5.559999943,0,0,0,420,1020,2015
10,5/5/2016,Thursday,8314,5.610000134,5.610000134,0,0.779999971,0.800000012,4.03000021,0,13,23,311,1093,1971
10,5/6/2016,Friday,7063,4.75,4.75,0,0,0.119999997,4.610000134,0.01,0,5,370,1065,1910
10,5/7/2016,Saturday,4940,3.380000114,3.380000114,0,2.279999971,0.550000012,0.550000012,0,75,11,52,1302,1897
10,5/8/2016,Sunday,8168,5.539999962,5.539999962,0,2.900000095,0,2.640000105,0,46,0,326,1068,2096
10,5/9/2016,Monday,7726,5.190000057,5.190000057,0,0,0,5.190000057,0,0,0,345,1095,1906
10,5/10/2016,Tuesday,8275,5.559999943,5.559999943,0,0,0,5.550000191,0.01,0,0,373,1067,1962
10,5/11/2016,Wednesday,6440,4.329999924,4.329999924,0,0,0,4.320000172,0.01,0,0,319,1121,1826
10,5/12/2016,Thursday,7566,5.110000134,5.110000134,0,0,0,5.110000134,0,0,0,268,720,1431
11,4/12/2016,Tuesday,4747,3.24000001,3.24000001,0,0,0,3.230000019,0.01,0,0,280,1160,1788
11,4/13/2016,Wednesday,9715,6.630000114,6.630000114,0,0.99000001,0.340000004,5.269999981,0.02,16,8,371,1045,2093
11,4/14/2016,Thursday,8844,6.03000021,6.03000021,0,0.340000004,1.029999971,4.650000095,0.01,6,25,370,1039,2065
11,4/15/2016,Friday,7451,5.079999924,5.079999924,0,0,0,5.059999943,0.02,0,0,335,1105,1908
11,4/16/2016,Saturday,6905,4.730000019,4.730000019,0,0,0,4.699999809,0.029999999,0,0,356,1084,1908
11,4/17/2016,Sunday,8199,5.880000114,5.880000114,0,1.409999967,0.100000001,4.360000134,0.01,11,2,322,1105,1964
11,4/18/2016,Monday,6798,4.639999866,4.639999866,0,1.080000043,0.200000003,3.349999905,0,20,7,343,1070,2014
11,4/19/2016,Tuesday,7711,5.260000229,5.260000229,0,0,0,5.239999771,0.02,0,0,376,1064,1985
11,4/20/2016,Wednesday,4880,3.329999924,3.329999924,0,0.839999974,0.090000004,2.380000114,0.02,15,3,274,1148,1867
11,4/21/2016,Thursday,8857,6.070000172,6.070000172,0,1.149999976,0.25999999,4.639999866,0.01,18,9,376,1037,2124
11,4/22/2016,Friday,3843,2.619999886,2.619999886,0,0,0,2.609999895,0.01,0,0,206,1234,1669
11,4/23/2016,Saturday,7396,5.070000172,5.070000172,0,1.399999976,0.079999998,3.579999924,0,20,2,303,1115,1995
11,4/24/2016,Sunday,6731,4.590000153,4.590000153,0,0.889999986,0.189999998,3.49000001,0.02,14,7,292,1127,1921
11,4/25/2016,Monday,5995,4.090000153,4.090000153,0,0,0,4.090000153,0,0,0,416,1024,2010
11,4/26/2016,Tuesday,8283,5.789999962,5.789999962,0,1.850000024,0.050000001,3.869999886,0.01,22,2,333,1083,2057
11,4/27/2016,Wednesday,7904,5.420000076,5.420000076,0,1.580000043,0.629999995,3.190000057,0.01,24,13,346,1057,2095
11,4/28/2016,Thursday,5512,3.75999999,3.75999999,0,0,0,3.75999999,0,0,0,385,1055,1972
11,4/29/2016,Friday,9135,6.230000019,6.230000019,0,0,0,6.21999979,0.01,0,0,402,1038,2044
11,4/30/2016,Saturday,5250,3.579999924,3.579999924,0,1.059999943,0.090000004,2.420000076,0.01,17,4,300,1119,1946
11,5/1/2016,Sunday,3077,2.099999905,2.099999905,0,0,0,2.089999914,0,0,0,172,842,1237
12,4/12/2016,Tuesday,8856,5.980000019,5.980000019,0,3.059999943,0.910000026,2.00999999,0,44,19,131,777,1450
12,4/13/2016,Wednesday,10035,6.710000038,6.710000038,0,2.029999971,2.130000114,2.549999952,0,31,46,153,754,1495
12,4/14/2016,Thursday,7641,5.110000134,5.110000134,0,0.319999993,0.970000029,3.819999933,0,5,23,214,801,1433
12,4/15/2016,Friday,9010,6.059999943,6.059999943,0,1.049999952,1.75,3.25999999,0,15,42,183,644,1468
12,4/16/2016,Saturday,13459,9,9,0,2.029999971,4,2.970000029,0,31,83,153,663,1625
12,4/17/2016,Sunday,10415,6.96999979,6.96999979,0,0.699999988,2.349999905,3.920000076,0,11,58,205,600,1529
12,4/18/2016,Monday,11663,7.800000191,7.800000191,0,0.25,3.730000019,3.819999933,0,4,95,214,605,1584
12,4/19/2016,Tuesday,12414,8.779999733,8.779999733,0,2.24000001,2.450000048,3.960000038,0,19,67,221,738,1638
12,4/20/2016,Wednesday,11658,7.829999924,7.829999924,0,0.200000003,4.349999905,3.279999971,0,2,98,164,845,1554
12,4/21/2016,Thursday,6093,4.079999924,4.079999924,0,0,0,4.059999943,0,0,0,242,712,1397
12,4/22/2016,Friday,8911,5.960000038,5.960000038,0,2.329999924,0.579999983,3.059999943,0,33,12,188,731,1481
12,4/23/2016,Saturday,12058,8.069999695,8.069999695,0,0,4.21999979,3.849999905,0,0,92,252,724,1638
12,4/24/2016,Sunday,14112,10,10,0,3.269999981,4.559999943,2.170000076,0,30,95,129,660,1655
12,4/25/2016,Monday,11177,8.479999542,8.479999542,0,5.619999886,0.430000007,2.410000086,0,50,9,133,781,1570
12,4/26/2016,Tuesday,11388,7.619999886,7.619999886,0,0.449999988,4.21999979,2.950000048,0,7,95,170,797,1551
12,4/27/2016,Wednesday,7193,5.039999962,5.039999962,0,0,0.419999987,4.619999886,0,0,10,176,714,1377
12,4/28/2016,Thursday,7114,4.880000114,4.880000114,0,1.370000005,0.289999992,3.220000029,0,15,8,190,804,1407
12,4/29/2016,Friday,10645,7.75,7.75,0,3.74000001,1.299999952,2.710000038,0,36,32,150,744,1545
12,4/30/2016,Saturday,13238,9.199999809,9.199999809,0,3.690000057,2.099999905,3.410000086,0,43,52,194,687,1650
12,5/1/2016,Sunday,10414,7.070000172,7.070000172,0,2.670000076,1.980000019,2.410000086,0,41,40,124,691,1501
12,5/2/2016,Monday,16520,11.05000019,11.05000019,0,1.539999962,6.480000019,3.019999981,0,24,143,176,713,1760
12,5/3/2016,Tuesday,14335,9.590000153,9.590000153,0,3.319999933,1.74000001,4.53000021,0,47,41,258,594,1710
12,5/4/2016,Wednesday,13559,9.43999958,9.43999958,0,1.809999943,4.579999924,2.890000105,0,14,96,142,852,1628
12,5/5/2016,Thursday,12312,8.579999924,8.579999924,0,1.75999999,4.110000134,2.710000038,0,14,88,178,680,1618
12,5/6/2016,Friday,11677,8.279999733,8.279999733,0,3.109999895,2.50999999,2.670000076,0,29,55,168,676,1590
12,5/7/2016,Saturday,11550,7.730000019,7.730000019,0,0,4.130000114,3.589999914,0,0,86,208,703,1574
12,5/8/2016,Sunday,13585,9.090000153,9.090000153,0,0.680000007,5.239999771,3.170000076,0,9,116,171,688,1633
12,5/9/2016,Monday,14687,10.07999992,10.07999992,0,0.769999981,5.599999905,3.549999952,0,8,122,151,1159,1667
12,5/10/2016,Tuesday,13072,8.779999733,8.779999733,0,0.07,5.400000095,3.309999943,0,1,115,196,676,1630
12,5/11/2016,Wednesday,746,0.5,0.5,0,0.370000005,0,0.129999995,0,4,0,9,13,52
13,4/12/2016,Tuesday,8539,6.119999886,6.119999886,0,0.150000006,0.239999995,5.679999828,0,4,15,331,712,3654
13,4/13/2016,Wednesday,0,0,0,0,0,0,0,0,0,0,0,1440,1981
13,4/14/2016,Thursday,108,0.079999998,0.079999998,0,0,0,0.029999999,0,0,0,3,1437,2011
13,4/15/2016,Friday,1882,1.350000024,1.350000024,0,0.209999993,0.360000014,0.769999981,0,36,18,87,1299,2951
13,4/16/2016,Saturday,1982,1.419999957,1.419999957,0,0.449999988,0.370000005,0.589999974,0,65,21,55,1222,3051
13,4/17/2016,Sunday,16,0.01,0.01,0,0,0,0.01,0,0,0,2,1438,1990
13,4/18/2016,Monday,62,0.039999999,0.039999999,0,0,0,0.039999999,0,0,0,2,1438,1995
13,4/19/2016,Tuesday,0,0,0,0,0,0,0,0,0,0,0,1440,1980
13,4/20/2016,Wednesday,0,0,0,0,0,0,0,0,0,0,0,1440,1980
13,4/21/2016,Thursday,0,0,0,0,0,0,0,0,0,0,0,1440,1980
13,4/22/2016,Friday,0,0,0,0,0,0,0,0,0,0,0,1440,1980
13,4/23/2016,Saturday,0,0,0,0,0,0,0,0,0,0,0,1440,1980
13,4/24/2016,Sunday,0,0,0,0,0,0,0,0,0,0,0,1440,1980
13,4/25/2016,Monday,0,0,0,0,0,0,0,0,0,0,0,1440,1980
13,4/26/2016,Tuesday,0,0,0,0,0,0,0,0,0,0,0,1440,1980
13,4/27/2016,Wednesday,0,0,0,0,0,0,0,0,0,0,0,1440,1980
13,4/28/2016,Thursday,0,0,0,0,0,0,0,0,0,0,0,1440,1980
13,4/29/2016,Friday,0,0,0,0,0,0,0,0,0,0,0,1440,1980
13,4/30/2016,Saturday,0,0,0,0,0,0,0,0,0,0,0,1440,1980
13,5/1/2016,Sunday,0,0,0,0,0,0,0,0,0,0,0,1440,1980
13,5/2/2016,Monday,475,0.340000004,0.340000004,0,0,0.039999999,0.289999992,0,0,11,31,1350,2207
13,5/3/2016,Tuesday,4496,3.220000029,3.220000029,0,0,0,3.150000095,0.050000001,0,0,174,950,2828
13,5/4/2016,Wednesday,10252,7.349999905,7.349999905,0,0.670000017,1.039999962,5.579999924,0,13,46,346,531,3879
13,5/5/2016,Thursday,11728,8.430000305,8.430000305,0,2.619999886,1.679999948,4.039999962,0.07,38,42,196,916,3429
13,5/6/2016,Friday,4369,3.130000114,3.130000114,0,0,0,3.099999905,0.01,0,0,177,855,2704
13,5/7/2016,Saturday,6132,4.400000095,4.400000095,0,0,0,3.579999924,0,0,0,184,1256,2975
13,5/8/2016,Sunday,5862,4.199999809,4.199999809,0,0,0,4.150000095,0,0,0,263,775,3089
13,5/9/2016,Monday,4556,3.269999981,3.269999981,0,0.200000003,0.119999997,2.940000057,0,3,5,173,1225,2785
13,5/10/2016,Tuesday,5546,3.980000019,3.980000019,0,0,0,3.869999886,0.039999999,0,0,206,774,2926
13,5/11/2016,Wednesday,3689,2.650000095,2.650000095,0,0.109999999,0.170000002,2.329999924,0,2,8,134,1296,2645
13,5/12/2016,Thursday,590,0.419999987,0.419999987,0,0,0,0.409999996,0,0,0,21,721,1120
14,4/12/2016,Tuesday,5394,4.03000021,4.03000021,0,0,0,3.940000057,0,0,0,164,1276,2286
14,4/13/2016,Wednesday,5974,4.46999979,4.46999979,0,0,0,4.369999886,0,0,0,160,1280,2306
14,4/14/2016,Thursday,0,0,0,0,0,0,0,0,0,0,0,1440,1776
14,4/15/2016,Friday,3984,2.950000048,2.950000048,0,0.209999993,0.25999999,2.440000057,0,3,6,88,873,1527
15,4/12/2016,Tuesday,7753,5.199999809,5.199999809,0,0,0,0,0,0,0,0,1440,2115
15,4/13/2016,Wednesday,8204,5.5,5.5,0,0.529999971,0.589999974,1.309999943,0,8,15,96,1234,2135
15,4/14/2016,Thursday,10210,6.880000114,6.880000114,0,0.109999999,0.330000013,6.440000057,0,1,9,339,589,2302
15,4/15/2016,Friday,5664,3.799999952,3.799999952,0,0,0,3.799999952,0,0,0,228,752,1985
15,4/16/2016,Saturday,4744,3.180000067,3.180000067,0,0,0,3.180000067,0,0,0,194,724,1884
15,4/17/2016,Sunday,29,0.02,0.02,0,0,0,0.02,0,0,0,3,1363,1464
15,4/18/2016,Monday,2276,1.549999952,1.549999952,0,0.07,0.330000013,1.120000005,0,1,9,58,824,1632
15,4/19/2016,Tuesday,8925,5.989999771,5.989999771,0,0,0,5.989999771,0,0,0,311,604,2200
15,4/20/2016,Wednesday,8954,6.010000229,6.010000229,0,0,0.680000007,5.309999943,0,0,18,306,671,2220
15,4/21/2016,Thursday,3702,2.480000019,2.480000019,0,0,0,0.349999994,0,0,0,34,1265,1792
15,4/22/2016,Friday,4500,3.019999981,3.019999981,0,0.059999999,0.810000002,2.150000095,0,1,19,176,709,1886
15,4/23/2016,Saturday,4935,3.309999943,3.309999943,0,0,0,3.309999943,0,0,0,233,546,1945
15,4/24/2016,Sunday,4081,2.74000001,2.74000001,0,0.059999999,0.200000003,2.470000029,0,1,5,191,692,1880
15,4/25/2016,Monday,9259,6.210000038,6.210000038,0,0,0.280000001,5.929999828,0,0,8,390,544,2314
15,4/26/2016,Tuesday,9899,6.639999866,6.639999866,0,0.569999993,0.920000017,5.150000095,0,8,21,288,649,2236
15,4/27/2016,Wednesday,10780,7.230000019,7.230000019,0,0.409999996,1.919999957,4.909999847,0,6,47,300,680,2324
15,4/28/2016,Thursday,10817,7.28000021,7.28000021,0,1.00999999,0.330000013,5.940000057,0,13,8,359,552,2367
15,4/29/2016,Friday,7990,5.360000134,5.360000134,0,0.449999988,0.790000021,4.119999886,0,6,18,289,624,2175
15,4/30/2016,Saturday,8221,5.519999981,5.519999981,0,0.400000006,1.610000014,3.50999999,0,6,38,196,695,2092
15,5/1/2016,Sunday,1251,0.839999974,0.839999974,0,0,0,0.839999974,0,0,0,67,836,1593
15,5/2/2016,Monday,9261,6.239999771,6.239999771,0,0,0.439999998,5.710000038,0,0,11,344,585,2270
15,5/3/2016,Tuesday,9648,6.46999979,6.46999979,0,0.579999983,1.070000052,4.829999924,0,8,26,287,669,2235
15,5/4/2016,Wednesday,10429,7.019999981,7.019999981,0,0.589999974,0.579999983,5.849999905,0,8,13,313,1106,2282
15,5/5/2016,Thursday,13658,9.489999771,9.489999771,0,2.630000114,1.409999967,5.449999809,0,27,34,328,957,2530
15,5/6/2016,Friday,9524,6.420000076,6.420000076,0,0.409999996,0.469999999,5.460000038,0,6,11,314,692,2266
15,5/7/2016,Saturday,7937,5.329999924,5.329999924,0,0.189999998,1.049999952,4.079999924,0,3,28,279,586,2158
15,5/8/2016,Sunday,3672,2.460000038,2.460000038,0,0,0,2.460000038,0,0,0,153,603,1792
15,5/9/2016,Monday,10378,6.960000038,6.960000038,0,0.140000001,0.560000002,6.25,0,2,14,374,490,2345
15,5/10/2016,Tuesday,9487,6.369999886,6.369999886,0,0.209999993,0.460000008,5.699999809,0,3,12,329,555,2260
15,5/11/2016,Wednesday,9129,6.130000114,6.130000114,0,0.200000003,0.74000001,5.179999828,0,3,18,311,574,2232
15,5/12/2016,Thursday,17,0.01,0.01,0,0,0,0.01,0,0,0,2,0,257
16,4/12/2016,Tuesday,10122,7.78000021,7.78000021,0,0,0,0,0,0,0,0,1440,2955
16,4/13/2016,Wednesday,10993,8.449999809,8.449999809,0,0.059999999,0.629999995,3.880000114,0,1,14,150,1275,3092
16,4/14/2016,Thursday,8863,6.820000172,6.820000172,0,0.129999995,1.070000052,5.619999886,0,10,35,219,945,2998
16,4/15/2016,Friday,8758,6.730000019,6.730000019,0,0,0,6.730000019,0,0,0,299,837,3066
16,4/16/2016,Saturday,6580,5.059999943,5.059999943,0,0.209999993,0.400000006,4.449999809,0,6,9,253,609,3073
16,4/17/2016,Sunday,4660,3.579999924,3.579999924,0,0,0,3.579999924,0,0,0,201,721,2572
16,4/18/2016,Monday,11009,9.100000381,9.100000381,0,3.559999943,0.400000006,5.139999866,0,27,8,239,1017,3274
16,4/19/2016,Tuesday,10181,7.829999924,7.829999924,0,1.370000005,0.689999998,5.769999981,0,20,16,249,704,3015
16,4/20/2016,Wednesday,10553,8.119999886,8.119999886,0,1.100000024,1.720000029,5.289999962,0,19,42,228,696,3083
16,4/21/2016,Thursday,10055,7.730000019,7.730000019,0,0.370000005,0.389999986,6.980000019,0,7,12,272,853,3069
16,4/22/2016,Friday,12139,9.340000153,9.340000153,0,3.299999952,1.110000014,4.920000076,0,77,25,220,945,3544
16,4/23/2016,Saturday,13236,10.18000031,10.18000031,0,4.5,0.319999993,5.349999905,0,58,5,215,749,3306
16,4/24/2016,Sunday,10243,7.880000114,7.880000114,0,1.080000043,0.50999999,6.300000191,0,14,8,239,584,2885
16,4/25/2016,Monday,12961,9.970000267,9.970000267,0,0.730000019,1.399999976,7.840000153,0,11,31,301,1054,3288
16,4/26/2016,Tuesday,9461,7.28000021,7.28000021,0,0.939999998,1.059999943,5.269999981,0,14,23,224,673,2929
16,4/27/2016,Wednesday,11193,8.609999657,8.609999657,0,0.699999988,2.50999999,5.389999866,0,11,48,241,684,3074
16,4/28/2016,Thursday,10074,7.75,7.75,0,1.289999962,0.430000007,6.03000021,0,19,9,234,878,2969
16,4/29/2016,Friday,9232,7.099999905,7.099999905,0,0.800000012,0.889999986,5.420000076,0,13,16,236,1175,2979
16,4/30/2016,Saturday,12533,9.640000343,9.640000343,0,0.699999988,2,6.940000057,0,14,43,300,537,3283
16,5/1/2016,Sunday,10255,7.889999866,7.889999866,0,1.00999999,0.680000007,6.199999809,0,12,15,241,579,2926
16,5/2/2016,Monday,10096,8.399999619,8.399999619,0,3.769999981,0.079999998,4.550000191,0,33,4,204,935,3147
16,5/3/2016,Tuesday,12727,9.789999962,9.789999962,0,1.129999995,0.779999971,7.880000114,0,18,18,306,984,3290
16,5/4/2016,Wednesday,12375,9.520000458,9.520000458,0,2.789999962,0.930000007,5.800000191,0,35,21,251,632,3162
16,5/5/2016,Thursday,9603,7.380000114,7.380000114,0,0.629999995,1.669999957,5.090000153,0,12,39,199,896,2899
16,5/6/2016,Friday,13175,10.13000011,10.13000011,0,2.109999895,2.089999914,5.929999828,0,33,45,262,1100,3425
16,5/7/2016,Saturday,22770,17.54000092,17.54000092,0,9.449999809,2.769999981,5.329999924,0,120,56,260,508,4022
16,5/8/2016,Sunday,17298,14.38000011,14.38000011,0,9.890000343,1.25999999,3.230000019,0,107,38,178,576,3934
16,5/9/2016,Monday,10218,7.860000134,7.860000134,0,0.340000004,0.730000019,6.789999962,0,6,19,258,1020,3013
16,5/10/2016,Tuesday,10299,7.920000076,7.920000076,0,0.810000002,0.649999976,6.460000038,0,13,14,267,648,3061
16,5/11/2016,Wednesday,10201,7.840000153,7.840000153,0,0.529999971,0.790000021,6.53000021,0,8,18,256,858,2954
16,5/12/2016,Thursday,3369,2.589999914,2.589999914,0,0,0,2.589999914,0,0,0,108,825,1623
17,4/12/2016,Tuesday,3276,2.200000048,2.200000048,0,0,0,2.200000048,0,0,0,196,787,2113
17,4/13/2016,Wednesday,2961,1.99000001,1.99000001,0,0,0,1.99000001,0,0,0,194,840,2095
17,4/14/2016,Thursday,3974,2.670000076,2.670000076,0,0,0,2.670000076,0,0,0,231,717,2194
17,4/15/2016,Friday,7198,4.829999924,4.829999924,0,0,0,4.829999924,0,0,0,350,711,2496
17,4/16/2016,Saturday,3945,2.650000095,2.650000095,0,0,0,2.650000095,0,0,0,225,716,2180
17,4/17/2016,Sunday,2268,1.519999981,1.519999981,0,0,0,1.519999981,0,0,0,114,1219,1933
17,4/18/2016,Monday,6155,4.239999771,4.239999771,0,2,0.289999992,1.950000048,0,25,6,162,1247,2248
17,4/19/2016,Tuesday,2064,1.389999986,1.389999986,0,0,0,1.389999986,0,0,0,121,895,1954
17,4/20/2016,Wednesday,2072,1.389999986,1.389999986,0,0,0,1.389999986,0,0,0,137,841,1974
17,4/21/2016,Thursday,3809,2.559999943,2.559999943,0,0,0,2.539999962,0,0,0,215,756,2150
17,4/22/2016,Friday,6831,4.579999924,4.579999924,0,0,0,4.579999924,0,0,0,317,706,2432
17,4/23/2016,Saturday,4363,2.930000067,2.930000067,0,0,0,2.930000067,0,0,0,201,1239,2149
17,4/24/2016,Sunday,5002,3.359999895,3.359999895,0,0,0,3.359999895,0,0,0,244,1196,2247
17,4/25/2016,Monday,3385,2.269999981,2.269999981,0,0,0,2.269999981,0,0,0,179,916,2070
17,4/26/2016,Tuesday,6326,4.409999847,4.409999847,0,2.410000086,0.039999999,1.960000038,0,29,1,180,839,2291
17,4/27/2016,Wednesday,7243,5.03000021,5.03000021,0,2.619999886,0.029999999,2.380000114,0,32,1,194,839,2361
17,4/28/2016,Thursday,4493,3.00999999,3.00999999,0,0,0,3.00999999,0,0,0,236,762,2203
17,4/29/2016,Friday,4676,3.140000105,3.140000105,0,0,0,3.130000114,0,0,0,226,1106,2196
17,4/30/2016,Saturday,6222,4.179999828,4.179999828,0,0,0,4.179999828,0,0,0,290,797,2363
17,5/1/2016,Sunday,5232,3.50999999,3.50999999,0,0,0,3.50999999,0,0,0,240,741,2246
17,5/2/2016,Monday,6910,4.75,4.75,0,2.210000038,0.189999998,2.349999905,0,27,4,200,667,2336
17,5/3/2016,Tuesday,7502,5.179999828,5.179999828,0,2.480000019,0.109999999,2.579999924,0,30,2,233,725,2421
17,5/4/2016,Wednesday,2923,1.960000038,1.960000038,0,0,0,1.960000038,0,0,0,180,897,2070
17,5/5/2016,Thursday,3800,2.549999952,2.549999952,0,0.119999997,0.239999995,2.180000067,0,2,6,185,734,2120
17,5/6/2016,Friday,4514,3.029999971,3.029999971,0,0,0,3.029999971,0,0,0,229,809,2211
17,5/7/2016,Saturday,5183,3.589999914,3.589999914,0,2.130000114,0.189999998,1.25,0,26,4,108,866,2123
17,5/8/2016,Sunday,7303,4.900000095,4.900000095,0,0,0.25,4.650000095,0,0,8,308,733,2423
17,5/9/2016,Monday,5275,3.539999962,3.539999962,0,0,0,3.539999962,0,0,0,266,641,2281
17,5/10/2016,Tuesday,3915,2.630000114,2.630000114,0,0,0,2.630000114,0,0,0,231,783,2181
17,5/11/2016,Wednesday,9105,6.110000134,6.110000134,0,2.25,1,2.859999895,0,34,22,232,622,2499
17,5/12/2016,Thursday,768,0.519999981,0.519999981,0,0,0,0.519999981,0,0,0,58,380,1212
18,4/12/2016,Tuesday,5135,3.390000105,3.390000105,0,0,0,3.390000105,0,0,0,318,1122,1909
18,4/13/2016,Wednesday,4978,3.289999962,3.289999962,0,1.24000001,0.439999998,1.610000014,0,19,7,127,1287,1722
18,4/14/2016,Thursday,6799,4.489999771,4.489999771,0,0,0,4.489999771,0,0,0,279,1161,1922
18,4/15/2016,Friday,7795,5.150000095,5.150000095,0,0.589999974,0.839999974,3.730000019,0,17,30,262,1131,2121
18,4/16/2016,Saturday,7289,4.820000172,4.820000172,0,0.550000012,0.75,3.5,0,8,12,308,1112,1997
18,4/17/2016,Sunday,9634,6.400000095,6.400000095,0,0.550000012,1.139999986,4.710000038,0,7,19,304,1110,2117
18,4/18/2016,Monday,8940,5.909999847,5.909999847,0,0.980000019,0.930000007,4,0,14,15,331,1080,2116
18,4/19/2016,Tuesday,5401,3.569999933,3.569999933,0,0.050000001,0.360000014,3.160000086,0,1,9,248,1182,1876
18,4/20/2016,Wednesday,4803,3.170000076,3.170000076,0,0,0,3.170000076,0,0,0,222,1218,1788
18,4/21/2016,Thursday,13743,9.079999924,9.079999924,0,0.419999987,0.970000029,7.699999809,0,6,21,432,844,2486
18,4/22/2016,Friday,9601,6.349999905,6.349999905,0,1.370000005,1.5,3.470000029,0,20,25,273,1122,2094
18,4/23/2016,Saturday,6890,4.550000191,4.550000191,0,0.340000004,0.200000003,4.010000229,0,5,5,308,1122,2085
18,4/24/2016,Sunday,8563,5.659999847,5.659999847,0,0,0,5.650000095,0,0,0,395,1045,2173
18,4/25/2016,Monday,8095,5.349999905,5.349999905,0,0.589999974,0.25,4.510000229,0,18,10,340,993,2225
18,4/26/2016,Tuesday,9148,6.050000191,6.050000191,0,0.430000007,2.029999971,3.589999914,0,12,41,283,1062,2223
18,4/27/2016,Wednesday,9557,6.320000172,6.320000172,0,1.960000038,0.889999986,3.460000038,0,27,14,312,1087,2098
18,4/28/2016,Thursday,9451,6.25,6.25,0,0.02,0.270000011,5.949999809,0,1,11,367,985,2185
18,4/29/2016,Friday,7833,5.179999828,5.179999828,0,1.019999981,1.850000024,2.309999943,0,15,29,197,1096,1918
18,4/30/2016,Saturday,10319,6.820000172,6.820000172,0,0.469999999,1.889999986,4.460000038,0,7,29,293,1111,2105
18,5/1/2016,Sunday,3428,2.269999981,2.269999981,0,0,0,2.269999981,0,0,0,190,1121,1692
18,5/2/2016,Monday,7891,5.21999979,5.21999979,0,0,0,5.21999979,0,0,0,383,1057,2066
18,5/3/2016,Tuesday,5267,3.480000019,3.480000019,0,0.600000024,0.280000001,2.599999905,0,21,10,237,1172,1953
18,5/4/2016,Wednesday,5232,3.460000038,3.460000038,0,0,0,3.460000038,0,0,0,252,1188,1842
18,5/5/2016,Thursday,10611,7.010000229,7.010000229,0,1.00999999,0.5,5.510000229,0,14,8,370,1048,2262
18,5/6/2016,Friday,3755,2.480000019,2.480000019,0,0,0,2.480000019,0,0,0,202,1238,1722
18,5/7/2016,Saturday,8237,5.440000057,5.440000057,0,1.610000014,1,2.829999924,0,23,16,233,1116,1973
18,5/8/2016,Sunday,6543,4.329999924,4.329999924,0,1.799999952,0.5,2.019999981,0,66,35,238,1019,2666
18,5/9/2016,Monday,11451,7.570000172,7.570000172,0,0.430000007,1.620000005,5.519999981,0,6,30,339,1065,2223
18,5/10/2016,Tuesday,6435,4.25,4.25,0,0.74000001,1.120000005,2.390000105,0,11,18,220,1191,1889
18,5/11/2016,Wednesday,9108,6.019999981,6.019999981,0,0.25999999,1.820000052,3.940000057,0,4,31,324,1081,2131
18,5/12/2016,Thursday,6307,4.170000076,4.170000076,0,0,0,4.170000076,0,0,0,247,736,1452
19,4/12/2016,Tuesday,7213,5.880000114,5.880000114,0,0,0,5.849999905,0,0,0,263,718,2947
19,4/13/2016,Wednesday,6877,5.579999924,5.579999924,0,0,0,5.579999924,0,0,0,258,777,2898
19,4/14/2016,Thursday,7860,6.369999886,6.369999886,0,0,0,6.369999886,0,0,0,271,772,2984
19,4/15/2016,Friday,6506,5.28000021,5.28000021,0,0.07,0.419999987,4.789999962,0,1,8,256,944,2896
19,4/16/2016,Saturday,11140,9.029999733,9.029999733,0,0.239999995,1.25,7.539999962,0,3,24,335,556,3328
19,4/17/2016,Sunday,12692,10.28999996,10.28999996,0,0.959999979,3.460000038,5.880000114,0,12,66,302,437,3394
19,4/18/2016,Monday,9105,7.380000114,7.380000114,0,1.820000052,1.49000001,4.070000172,0,22,30,191,890,3013
19,4/19/2016,Tuesday,6708,5.440000057,5.440000057,0,0.879999995,0.370000005,4.190000057,0,10,8,179,757,2812
19,4/20/2016,Wednesday,8793,7.130000114,7.130000114,0,0.159999996,1.230000019,5.730000019,0,2,29,260,717,3061
19,4/21/2016,Thursday,6530,5.300000191,5.300000191,0,0.310000002,2.049999952,2.940000057,0,4,41,144,901,2729
19,4/22/2016,Friday,1664,1.350000024,1.350000024,0,0,0,1.350000024,0,0,0,72,1341,2241
19,4/23/2016,Saturday,15126,12.27000046,12.27000046,0,0.75999999,3.24000001,8.270000458,0,9,66,408,469,3691
19,4/24/2016,Sunday,15050,12.22000027,12.22000027,0,1.200000048,5.119999886,5.880000114,0,15,95,281,542,3538
19,4/25/2016,Monday,9167,7.429999828,7.429999828,0,0.49000001,0.819999993,6.110000134,0,6,15,270,730,3064
19,4/26/2016,Tuesday,6108,4.949999809,4.949999809,0,0.07,0.349999994,4.539999962,0,1,8,216,765,2784
19,4/27/2016,Wednesday,7047,5.71999979,5.71999979,0,0.090000004,0.800000012,4.78000021,0,1,16,238,733,2908
19,4/28/2016,Thursday,9023,7.320000172,7.320000172,0,1.129999995,0.419999987,5.769999981,0,14,9,232,738,3033
19,4/29/2016,Friday,9930,8.050000191,8.050000191,0,1.059999943,0.920000017,6.070000172,0,12,19,267,692,3165
19,4/30/2016,Saturday,10144,8.229999542,8.229999542,0,0.319999993,2.029999971,5.880000114,0,4,36,263,728,3115
19,5/1/2016,Sunday,0,0,0,0,0,0,0,0,0,0,0,1440,2017
19,5/2/2016,Monday,7245,5.920000076,5.920000076,0,0.379999995,1.74000001,3.75999999,0,5,40,195,1131,2859
19,5/3/2016,Tuesday,9454,7.670000076,7.670000076,0,0,0,7.670000076,0,0,0,313,729,3145
19,5/4/2016,Wednesday,8161,6.619999886,6.619999886,0,0.340000004,0.730000019,5.539999962,0,4,15,251,757,3004
19,5/5/2016,Thursday,8614,6.989999771,6.989999771,0,0.670000017,0.219999999,6.090000153,0,8,5,241,745,3006
19,5/6/2016,Friday,6943,5.630000114,5.630000114,0,0.079999998,0.660000026,4.869999886,0,1,16,207,682,2859
19,5/7/2016,Saturday,14370,11.64999962,11.64999962,0,0.370000005,2.309999943,8.970000267,0,5,46,439,577,3683
19,5/8/2016,Sunday,12857,10.43000031,10.43000031,0,0.680000007,6.210000038,3.539999962,0,9,125,192,1019,3287
19,5/9/2016,Monday,8232,6.679999828,6.679999828,0,0,0.569999993,6.099999905,0,0,12,253,746,2990
19,5/10/2016,Tuesday,10613,8.609999657,8.609999657,0,0.079999998,1.879999995,6.650000095,0,1,37,262,701,3172
19,5/11/2016,Wednesday,9810,7.960000038,7.960000038,0,0.779999971,2.160000086,4.980000019,0,10,41,235,784,3069
19,5/12/2016,Thursday,2752,2.230000019,2.230000019,0,0,0,2.230000019,0,0,0,68,241,1240
20,4/12/2016,Tuesday,11596,7.570000172,7.570000172,0,1.370000005,0.790000021,5.409999847,0,19,13,277,767,2026
20,4/13/2016,Wednesday,4832,3.160000086,3.160000086,0,0,0,3.160000086,0,0,0,226,647,1718
20,4/14/2016,Thursday,17022,11.11999989,11.11999989,0,4,2.450000048,4.670000076,0,61,41,256,693,2324
20,4/15/2016,Friday,16556,10.85999966,10.85999966,0,4.159999847,1.980000019,4.710000038,0,58,38,239,689,2254
20,4/16/2016,Saturday,5771,3.769999981,3.769999981,0,0,0,3.769999981,0,0,0,288,521,1831
20,4/17/2016,Sunday,655,0.430000007,0.430000007,0,0,0,0.430000007,0,0,0,46,943,1397
20,4/18/2016,Monday,3727,2.430000067,2.430000067,0,0,0,2.430000067,0,0,0,206,622,1683
20,4/19/2016,Tuesday,15482,10.10999966,10.10999966,0,4.28000021,1.659999967,4.179999828,0,69,28,249,756,2284
20,4/20/2016,Wednesday,2713,1.769999981,1.769999981,0,0,0,1.769999981,0,0,0,148,598,1570
20,4/21/2016,Thursday,12346,8.06000042,8.06000042,0,2.950000048,2.160000086,2.960000038,0,47,42,177,801,2066
20,4/22/2016,Friday,11682,7.630000114,7.630000114,0,1.379999995,0.629999995,5.599999905,0,25,16,270,781,2105
20,4/23/2016,Saturday,4112,2.690000057,2.690000057,0,0,0,2.680000067,0,0,0,272,443,1776
20,4/24/2016,Sunday,1807,1.179999948,1.179999948,0,0,0,1.179999948,0,0,0,104,582,1507
20,4/25/2016,Monday,10946,7.190000057,7.190000057,0,2.930000067,0.569999993,3.690000057,0,51,11,201,732,2033
20,4/26/2016,Tuesday,11886,7.760000229,7.760000229,0,2.369999886,0.930000007,4.460000038,0,40,18,238,750,2093
20,4/27/2016,Wednesday,10538,6.880000114,6.880000114,0,1.139999986,1,4.739999771,0,16,16,206,745,1922
20,4/28/2016,Thursday,11393,7.630000114,7.630000114,0,3.710000038,0.75,3.170000076,0,49,13,165,727,1999
20,4/29/2016,Friday,12764,8.329999924,8.329999924,0,2.789999962,0.639999986,4.909999847,0,46,15,270,709,2169
20,4/30/2016,Saturday,1202,0.779999971,0.779999971,0,0,0,0.779999971,0,0,0,84,506,1463
20,5/1/2016,Sunday,5164,3.369999886,3.369999886,0,0,0,3.369999886,0,0,0,237,436,1747
20,5/2/2016,Monday,9769,6.380000114,6.380000114,0,1.059999943,0.409999996,4.900000095,0,23,9,227,724,1996
20,5/3/2016,Tuesday,12848,8.390000343,8.390000343,0,1.5,1.200000048,5.679999828,0,26,29,247,812,2116
20,5/4/2016,Wednesday,4249,2.769999981,2.769999981,0,0,0,2.769999981,0,0,0,224,651,1698
20,5/5/2016,Thursday,14331,9.510000229,9.510000229,0,3.430000067,1.659999967,4.429999828,0,44,29,241,692,2156
20,5/6/2016,Friday,9632,6.289999962,6.289999962,0,1.519999981,0.540000021,4.230000019,0,21,9,229,761,1916
20,5/7/2016,Saturday,1868,1.220000029,1.220000029,0,0,0,1.220000029,0,0,0,96,902,1494
20,5/8/2016,Sunday,6083,4,4,0,0.219999999,0.469999999,3.299999952,0,3,8,210,505,1762
20,5/9/2016,Monday,11611,7.579999924,7.579999924,0,2.130000114,0.889999986,4.559999943,0,59,22,251,667,2272
20,5/10/2016,Tuesday,16358,10.71000004,10.71000004,0,3.869999886,1.610000014,5.199999809,0,61,40,265,707,2335
20,5/11/2016,Wednesday,4926,3.220000029,3.220000029,0,0,0,3.220000029,0,0,0,195,628,1693
20,5/12/2016,Thursday,3121,2.039999962,2.039999962,0,0.579999983,0.400000006,1.059999943,0,8,6,48,222,741
21,4/12/2016,Tuesday,8135,6.079999924,6.079999924,0,3.599999905,0.379999995,2.099999905,0,86,16,140,728,3405
21,4/13/2016,Wednesday,5077,3.789999962,3.789999962,0,0.319999993,0.219999999,3.25,0,15,11,144,776,2551
21,4/14/2016,Thursday,8596,6.420000076,6.420000076,0,3.329999924,0.310000002,2.779999971,0,118,30,176,662,4022
21,4/15/2016,Friday,12087,9.079999924,9.079999924,0,3.920000076,1.600000024,3.559999943,0,115,54,199,695,4005
21,4/16/2016,Saturday,14269,10.65999985,10.65999985,0,6.639999866,1.279999971,2.730000019,0,184,56,158,472,4274
21,4/17/2016,Sunday,12231,9.140000343,9.140000343,0,5.980000019,0.829999983,2.319999933,0,200,37,159,525,4552
21,4/18/2016,Monday,9893,7.389999866,7.389999866,0,4.860000134,0.720000029,1.820000052,0,114,32,130,623,3625
21,4/19/2016,Tuesday,12574,9.420000076,9.420000076,0,7.019999981,0.639999986,1.75999999,0,108,23,111,733,3501
21,4/20/2016,Wednesday,8330,6.21999979,6.21999979,0,4.119999886,0.340000004,1.75999999,0,87,16,113,773,3192
21,4/21/2016,Thursday,10830,8.090000153,8.090000153,0,3.650000095,1.659999967,2.779999971,0,110,74,175,670,4018
21,4/22/2016,Friday,9172,6.849999905,6.849999905,0,2.420000076,0.790000021,3.299999952,0,62,30,200,823,3329
21,4/23/2016,Saturday,7638,5.710000038,5.710000038,0,1.210000038,0.360000014,4.139999866,0,24,24,223,627,3152
21,4/24/2016,Sunday,15764,11.77999973,11.77999973,0,7.650000095,2.150000095,1.980000019,0,210,65,141,425,4392
21,4/25/2016,Monday,6393,4.78000021,4.78000021,0,1.350000024,0.670000017,2.75999999,0,61,38,214,743,3374
21,4/26/2016,Tuesday,5325,3.980000019,3.980000019,0,0.850000024,0.649999976,2.470000029,0,38,32,181,759,3088
21,4/27/2016,Wednesday,6805,5.139999866,5.139999866,0,1.809999943,0.400000006,2.930000067,0,63,16,190,773,3294
21,4/28/2016,Thursday,9841,7.429999828,7.429999828,0,3.25,1.169999957,3.00999999,0,99,51,141,692,3580
21,4/29/2016,Friday,7924,5.920000076,5.920000076,0,2.839999914,0.610000014,2.470000029,0,97,36,165,739,3544
21,4/30/2016,Saturday,12363,9.239999771,9.239999771,0,5.829999924,0.790000021,2.609999895,0,207,45,163,621,4501
21,5/1/2016,Sunday,13368,9.989999771,9.989999771,0,5.309999943,1.440000057,3.24000001,0,194,72,178,499,4546
21,5/2/2016,Monday,7439,5.559999943,5.559999943,0,1.120000005,0.349999994,4.070000172,0,37,20,235,732,3014
21,5/3/2016,Tuesday,11045,8.25,8.25,0,4.519999981,0.150000006,3.569999933,0,97,8,212,580,3795
21,5/4/2016,Wednesday,5206,3.890000105,3.890000105,0,1.559999943,0.25,2.079999924,0,25,9,141,631,2755
21,5/5/2016,Thursday,7550,5.639999866,5.639999866,0,2.5,0.469999999,2.670000076,0,45,21,143,1153,3004
21,5/6/2016,Friday,4950,3.700000048,3.700000048,0,1.929999948,0.319999993,1.450000048,0,41,16,79,1304,2643
21,5/7/2016,Saturday,0,0,0,0,0,0,0,0,0,0,0,1440,1819
21,5/8/2016,Sunday,0,0,0,0,0,0,0,0,0,0,0,1440,1819
21,5/9/2016,Monday,3421,2.559999943,2.559999943,0,1.429999948,0.140000001,0.99000001,0,34,11,70,1099,2489
21,5/10/2016,Tuesday,8869,6.650000095,6.650000095,0,2.559999943,0.75,3.349999905,0,104,37,194,639,3841
21,5/11/2016,Wednesday,4038,3.039999962,3.039999962,0,1.830000043,0.300000012,0.889999986,0,45,15,63,257,1665
22,4/12/2016,Tuesday,0,0,0,0,0,0,0,0,0,0,0,1440,1496
22,4/13/2016,Wednesday,0,0,0,0,0,0,0,0,0,0,0,1440,1496
22,4/14/2016,Thursday,0,0,0,0,0,0,0,0,0,0,0,1440,1496
22,4/15/2016,Friday,14019,10.59000015,10.59000015,0,0,0.280000001,10.30000019,0,0,6,513,921,2865
22,4/16/2016,Saturday,14450,10.90999985,10.90999985,0,0.579999983,0.850000024,9.479999542,0,7,15,518,502,2828
22,4/17/2016,Sunday,7150,5.400000095,5.400000095,0,0,0,5.400000095,0,0,0,312,702,2225
22,4/18/2016,Monday,5153,3.910000086,3.910000086,0,0,0,3.890000105,0,0,0,241,759,2018
22,4/19/2016,Tuesday,11135,8.409999847,8.409999847,0,0,0,8.409999847,0,0,0,480,425,2606
22,4/20/2016,Wednesday,10449,8.020000458,8.020000458,0,2.029999971,0.479999989,5.519999981,0,26,10,349,587,2536
22,4/21/2016,Thursday,19542,15.01000023,15.01000023,0,0.980000019,0.400000006,5.619999886,0,11,19,294,579,4900
22,4/22/2016,Friday,8206,6.199999809,6.199999809,0,0,0,6.199999809,0,0,0,402,413,2409
22,4/23/2016,Saturday,11495,8.680000305,8.680000305,0,0,0,8.680000305,0,0,0,512,468,2651
22,4/24/2016,Sunday,7623,5.760000229,5.760000229,0,0,0,5.760000229,0,0,0,362,711,2305
22,4/25/2016,Monday,0,0,0,0,0,0,0,0,0,0,0,1440,1497
22,4/26/2016,Tuesday,9543,7.210000038,7.210000038,0,0,0.340000004,6.869999886,0,0,7,352,1077,2450
22,4/27/2016,Wednesday,9411,7.110000134,7.110000134,0,0,0,7.110000134,0,0,0,458,417,2576
22,4/28/2016,Thursday,3403,2.599999905,2.599999905,0,0,0,2.599999905,0,0,0,141,758,1879
22,4/29/2016,Friday,9592,7.239999771,7.239999771,0,0,0,7.239999771,0,0,0,461,479,2560
22,4/30/2016,Saturday,6987,5.28000021,5.28000021,0,0,0,5.28000021,0,0,0,343,1040,2275
22,5/1/2016,Sunday,8915,6.730000019,6.730000019,0,0,0,6.730000019,0,0,0,397,525,2361
22,5/2/2016,Monday,4933,3.730000019,3.730000019,0,0,0,3.730000019,0,0,0,236,1204,2044
22,5/3/2016,Tuesday,0,0,0,0,0,0,0,0,0,0,0,1440,1496
22,5/4/2016,Wednesday,2997,2.25999999,2.25999999,0,0,0,2.25999999,0,0,0,156,1279,1902
22,5/5/2016,Thursday,9799,7.400000095,7.400000095,0,0,0,7.400000095,0,0,0,487,479,2636
22,5/6/2016,Friday,3365,2.680000067,2.680000067,0,0,0,2.680000067,0,0,0,133,673,1838
22,5/7/2016,Saturday,7336,5.539999962,5.539999962,0,0,0,5.539999962,0,0,0,412,456,2469
22,5/8/2016,Sunday,7328,5.53000021,5.53000021,0,0,0,5.53000021,0,0,0,318,517,2250
22,5/9/2016,Monday,4477,3.380000114,3.380000114,0,0,0,3.380000114,0,0,0,197,125,1248
23,4/12/2016,Tuesday,4562,3.450000048,3.450000048,0,0,0,3.450000048,0,0,0,199,1241,2560
23,4/13/2016,Wednesday,7142,5.400000095,5.400000095,0,0,0,5.389999866,0.01,0,0,350,1090,2905
23,4/14/2016,Thursday,7671,5.800000191,5.800000191,0,0,0,5.769999981,0.029999999,0,0,363,1077,2952
23,4/15/2016,Friday,9501,7.179999828,7.179999828,0,0,0,7.170000076,0.01,0,0,328,1112,2896
23,4/16/2016,Saturday,8301,6.28000021,6.28000021,0,0,0,6.269999981,0.01,0,0,258,1182,2783
23,4/17/2016,Sunday,7851,5.940000057,5.940000057,0,1.139999986,0.790000021,4,0,31,12,225,1172,3171
23,4/18/2016,Monday,6885,5.210000038,5.210000038,0,0,0,5.190000057,0.02,0,0,271,1169,2766
23,4/19/2016,Tuesday,7142,5.400000095,5.400000095,0,0,0,5.389999866,0.01,0,0,321,1119,2839
23,4/20/2016,Wednesday,6361,4.809999943,4.809999943,0,0,0,4.800000191,0.01,0,0,258,1182,2701
23,4/21/2016,Thursday,0,0,0,0,0,0,0,0,0,0,0,1440,2060
23,4/22/2016,Friday,6238,4.71999979,4.71999979,0,0,0,4.71999979,0,0,0,302,1138,2796
23,4/23/2016,Saturday,0,0,0,0,0,0,0,0,33,0,0,1407,2664
23,4/24/2016,Sunday,5896,4.460000038,4.460000038,0,0,0,4.460000038,0,0,0,258,1182,2703
23,4/25/2016,Monday,7802,5.900000095,5.900000095,0,0.680000007,0.180000007,5.03000021,0.01,8,3,249,1180,2771
23,4/26/2016,Tuesday,0,0,0,0,0,0,0,0,0,0,0,1440,2060
23,4/27/2016,Wednesday,5565,4.210000038,4.210000038,0,0,0,4.179999828,0.029999999,0,0,287,1153,2743
23,4/28/2016,Thursday,5731,4.329999924,4.329999924,0,0,0,4.329999924,0,0,0,255,1185,2687
23,4/29/2016,Friday,0,0,0,0,0,0,0,0,0,0,0,1440,2060
23,4/30/2016,Saturday,6744,5.099999905,5.099999905,0,0,0,5.090000153,0.01,0,0,324,1116,2843
23,5/1/2016,Sunday,9837,7.440000057,7.440000057,0,0.660000026,2.75,4,0.02,8,95,282,1055,3327
23,5/2/2016,Monday,6781,5.130000114,5.130000114,0,0,0,5.110000134,0.02,0,0,268,1172,2725
23,5/3/2016,Tuesday,6047,4.570000172,4.570000172,0,0,0,4.570000172,0,0,0,240,1200,2671
23,5/4/2016,Wednesday,5832,4.409999847,4.409999847,0,0,0,4.400000095,0.01,0,0,272,1168,2718
23,5/5/2016,Thursday,6339,4.789999962,4.789999962,0,0,0,4.789999962,0,0,0,239,1201,2682
23,5/6/2016,Friday,6116,4.619999886,4.619999886,0,0,0,4.590000153,0.029999999,0,0,305,1135,2806
23,5/7/2016,Saturday,5510,4.170000076,4.170000076,0,0,0,4.159999847,0,0,0,227,1213,2613
23,5/8/2016,Sunday,7706,5.829999924,5.829999924,0,0,0,5.820000172,0,0,0,251,1189,2712
23,5/9/2016,Monday,6277,4.75,4.75,0,0,0,4.730000019,0.02,0,0,264,800,2175
23,5/10/2016,Tuesday,0,0,0,0,0,0,0,0,0,0,0,1440,0
24,4/12/2016,Tuesday,0,0,0,0,0,0,0,0,0,0,0,1440,1841
24,4/13/2016,Wednesday,4053,2.910000086,2.910000086,0,1.110000014,0.579999983,1.220000029,0,17,18,85,1053,2400
24,4/14/2016,Thursday,5162,3.700000048,3.700000048,0,0.870000005,0.860000014,1.970000029,0,14,24,105,863,2507
24,4/15/2016,Friday,1282,0.920000017,0.920000017,0,0,0,0.920000017,0,0,0,58,976,2127
24,4/16/2016,Saturday,4732,3.390000105,3.390000105,0,2.519999981,0.810000002,0.059999999,0,36,18,9,1377,2225
24,4/17/2016,Sunday,2497,1.789999962,1.789999962,0,0.349999994,1.129999995,0.310000002,0,5,24,19,1392,2067
24,4/18/2016,Monday,8294,5.949999809,5.949999809,0,2,0.769999981,3.170000076,0,30,31,146,1233,2798
24,4/19/2016,Tuesday,0,0,0,0,0,0,0,0,0,0,0,1440,1841
24,4/20/2016,Wednesday,10771,7.71999979,7.71999979,0,3.769999981,1.74000001,2.220000029,0,70,113,178,1079,3727
24,4/21/2016,Thursday,0,0,0,0,0,0,0,0,0,0,0,1440,1841
24,4/22/2016,Friday,637,0.460000008,0.460000008,0,0,0,0.460000008,0,0,0,20,1420,1922
24,4/23/2016,Saturday,0,0,0,0,0,0,0,0,0,0,0,1440,1841
24,4/24/2016,Sunday,2153,1.539999962,1.539999962,0,0.769999981,0.620000005,0.150000006,0,11,18,11,1400,2053
24,4/25/2016,Monday,6474,4.639999866,4.639999866,0,2.269999981,0.460000008,1.899999976,0,33,13,92,1302,2484
24,4/26/2016,Tuesday,7091,5.269999981,5.269999981,1.959596038,3.480000019,0.870000005,0.730000019,0,42,30,47,1321,2584
24,4/27/2016,Wednesday,0,0,0,0,0,0,0,0,0,0,0,1440,1841
24,4/28/2016,Thursday,703,0.5,0.5,0,0.059999999,0.200000003,0.239999995,0,2,13,15,1410,1993
24,4/29/2016,Friday,0,0,0,0,0,0,0,0,0,0,0,1440,1841
24,4/30/2016,Saturday,2503,1.789999962,1.789999962,0,0.159999996,0.159999996,1.480000019,0,3,9,84,1344,2280
24,5/1/2016,Sunday,2487,1.779999971,1.779999971,0,0.479999989,0.620000005,0.680000007,0,9,34,50,1347,2319
24,5/2/2016,Monday,0,0,0,0,0,0,0,0,0,0,0,1440,1841
24,5/3/2016,Tuesday,9,0.01,0.01,0,0,0,0.01,0,0,0,1,1439,1843
24,5/4/2016,Wednesday,0,0,0,0,0,0,0,0,0,0,0,1440,1841
24,5/5/2016,Thursday,0,0,0,0,0,0,0,0,0,0,0,1440,1841
24,5/6/2016,Friday,4697,3.369999886,3.369999886,0,0.469999999,0.930000007,1.929999948,0,12,35,75,1318,2496
24,5/7/2016,Saturday,1967,1.409999967,1.409999967,0,0.129999995,0.239999995,1.049999952,0,2,5,49,551,1032
25,4/12/2016,Tuesday,10199,6.739999771,6.739999771,0,3.400000095,0.829999983,2.50999999,0,50,14,189,796,1994
25,4/13/2016,Wednesday,5652,3.74000001,3.74000001,0,0.569999993,1.210000038,1.960000038,0,8,24,142,548,1718
25,4/14/2016,Thursday,1551,1.029999971,1.029999971,0,0,0,1.029999971,0,0,0,86,862,1466
25,4/15/2016,Friday,5563,3.680000067,3.680000067,0,0,0,3.680000067,0,0,0,217,837,1756
25,4/16/2016,Saturday,13217,8.739999771,8.739999771,0,3.660000086,0.189999998,4.880000114,0,50,3,280,741,2173
25,4/17/2016,Sunday,10145,6.710000038,6.710000038,0,0.330000013,0.680000007,5.690000057,0,5,13,295,634,2027
25,4/18/2016,Monday,11404,7.539999962,7.539999962,0,0.829999983,2.390000105,4.320000172,0,13,42,238,689,2039
25,4/19/2016,Tuesday,10742,7.099999905,7.099999905,0,2.099999905,2.130000114,2.869999886,0,35,41,195,659,2046
25,4/20/2016,Wednesday,13928,9.550000191,9.550000191,0,4.28000021,0.189999998,5.090000153,0,48,4,297,639,2174
25,4/21/2016,Thursday,11835,9.710000038,7.880000114,4.081692219,3.99000001,2.099999905,3.50999999,0.109999999,53,27,214,708,2179
25,4/22/2016,Friday,10725,7.090000153,7.090000153,0,1.769999981,1.549999952,3.769999981,0,30,33,240,659,2086
25,4/23/2016,Saturday,20031,13.23999977,13.23999977,0,4.199999809,2,7.039999962,0,58,41,347,484,2571
25,4/24/2016,Sunday,5029,3.319999933,3.319999933,0,0,0,3.319999933,0,0,0,199,720,1705
25,4/25/2016,Monday,13239,9.270000458,9.079999924,2.785175085,3.019999981,1.679999948,4.460000038,0.100000001,35,31,282,637,2194
25,4/26/2016,Tuesday,10433,6.900000095,6.900000095,0,2.579999924,0.419999987,3.900000095,0,36,7,254,680,2012
25,4/27/2016,Wednesday,10320,6.820000172,6.820000172,0,0.550000012,2.019999981,4.25,0,7,38,279,697,2034
25,4/28/2016,Thursday,12627,8.350000381,8.350000381,0,2.50999999,0.239999995,5.590000153,0,38,8,288,621,2182
25,4/29/2016,Friday,10762,7.110000134,7.110000134,0,0.819999993,0.479999989,5.809999943,0,12,15,369,645,2254
25,4/30/2016,Saturday,10081,6.659999847,6.659999847,0,2.24000001,0.75999999,3.670000076,0,32,16,237,731,2002
25,5/1/2016,Sunday,5454,3.609999895,3.609999895,0,0,0,3.609999895,0,0,0,215,722,1740
25,5/2/2016,Monday,12912,8.539999962,8.539999962,0,1.200000048,2,5.340000153,0,18,39,313,655,2162
25,5/3/2016,Tuesday,12109,8.119999886,8.119999886,0,1.74000001,2.039999962,4.329999924,0,21,36,267,654,2072
25,5/4/2016,Wednesday,10147,6.710000038,6.710000038,0,0.469999999,1.679999948,4.550000191,0,15,36,284,683,2086
25,5/5/2016,Thursday,10524,6.960000038,6.960000038,0,0.99000001,1.159999967,4.809999943,0,14,22,305,591,2066
25,5/6/2016,Friday,5908,3.910000086,3.910000086,0,0,0,3.910000086,0,0,0,299,717,1850
25,5/7/2016,Saturday,6815,4.5,4.5,0,0,0,4.5,0,0,0,328,745,1947
25,5/8/2016,Sunday,4188,2.769999981,2.769999981,0,0,0.519999981,2.25,0,0,14,151,709,1659
25,5/9/2016,Monday,12342,8.720000267,8.680000305,3.167821884,3.900000095,1.179999948,3.650000095,0,43,21,231,607,2105
25,5/10/2016,Tuesday,15448,10.21000004,10.21000004,0,3.470000029,1.75,4.989999771,0,62,34,275,626,2361
25,5/11/2016,Wednesday,6722,4.440000057,4.440000057,0,1.49000001,0.310000002,2.650000095,0,24,7,199,709,1855
25,5/12/2016,Thursday,3587,2.369999886,2.369999886,0,0,0.25,2.109999895,0,0,8,105,127,928
26,4/12/2016,Tuesday,14172,10.28999996,9.479999542,4.869782925,4.5,0.379999995,5.409999847,0,53,8,355,1024,2937
26,4/13/2016,Wednesday,12862,9.649999619,8.600000381,4.851306915,4.610000134,0.560000002,4.480000019,0,56,22,261,1101,2742
26,4/14/2016,Thursday,11179,8.239999771,7.480000019,3.285414934,2.950000048,0.340000004,4.960000038,0,34,6,304,1096,2668
26,4/15/2016,Friday,5273,3.529999971,3.529999971,0,0,0,3.529999971,0,0,0,202,1238,2098
26,4/16/2016,Saturday,4631,3.099999905,3.099999905,0,0,0,3.099999905,0,0,0,203,1155,2076
26,4/17/2016,Sunday,8059,5.389999866,5.389999866,0,0,0,5.389999866,0,0,0,305,1135,2383
26,4/18/2016,Monday,14816,10.97999954,9.909999847,4.930550098,3.789999962,2.119999886,5.050000191,0.02,48,31,284,1077,2832
26,4/19/2016,Tuesday,14194,10.47999954,9.5,4.94214201,4.409999847,0.75999999,5.309999943,0,53,17,304,1066,2812
26,4/20/2016,Wednesday,15566,11.31000042,10.40999985,4.924840927,4.789999962,0.670000017,5.860000134,0,60,33,347,1000,3096
26,4/21/2016,Thursday,13744,9.18999958,9.18999958,0,2.150000095,1.870000005,5.170000076,0,30,34,327,1049,2763
26,4/22/2016,Friday,15299,10.23999977,10.23999977,0,4.099999905,1.75999999,4.369999886,0,64,50,261,1065,2889
26,4/23/2016,Saturday,8093,5.409999847,5.409999847,0,0.129999995,1.129999995,4.150000095,0,2,25,223,1190,2284
26,4/24/2016,Sunday,11085,7.420000076,7.420000076,0,0,0,7.420000076,0,0,0,419,1021,2667
26,4/25/2016,Monday,18229,13.34000015,12.19999981,4.861792088,4.309999943,1.370000005,7.670000076,0,51,24,379,986,3055
26,4/26/2016,Tuesday,15090,10.10000038,10.10000038,0,0.930000007,0.939999998,8.229999542,0,16,22,424,978,2939
26,4/27/2016,Wednesday,13541,10.22000027,9.06000042,4.885604858,4.269999981,0.660000026,5.289999962,0,50,12,337,1041,2830
26,4/28/2016,Thursday,15128,10.11999989,10.11999989,0,1.090000033,0.769999981,8.260000229,0,16,16,401,1007,2836
26,4/29/2016,Friday,20067,14.30000019,13.42000008,4.911146164,4.309999943,2.049999952,7.949999809,0,55,42,382,961,3180
26,4/30/2016,Saturday,3761,2.519999981,2.519999981,0,0,0,2.519999981,0,0,0,200,1240,2051
26,5/1/2016,Sunday,5600,3.75,3.75,0,0,0,3.75,0,0,0,237,1142,2225
26,5/2/2016,Monday,13041,9.180000305,8.720000267,2.832325935,4.639999866,0.699999988,3.829999924,0,64,14,250,1112,2642
26,5/3/2016,Tuesday,14510,10.86999989,9.710000038,4.912367821,4.480000019,1.019999981,5.360000134,0,58,31,330,1021,2976
26,5/4/2016,Wednesday,0,0,0,0,0,0,0,0,0,0,0,1440,1557
26,5/5/2016,Thursday,15010,11.10000038,10.03999996,4.878232002,4.329999924,1.289999962,5.480000019,0,53,23,317,1047,2933
26,5/6/2016,Friday,11459,7.670000076,7.670000076,0,3,0.810000002,3.859999895,0,44,13,247,1136,2553
26,5/7/2016,Saturday,0,0,0,0,0,0,0,0,0,0,0,111,120
27,4/12/2016,Tuesday,11317,8.409999847,8.409999847,0,5.269999981,0.150000006,2.970000029,0,59,6,153,745,2772
27,4/13/2016,Wednesday,5813,3.619999886,3.619999886,0,0.560000002,0.209999993,2.839999914,0,31,26,155,744,2516
27,4/14/2016,Thursday,9123,6.119999886,6.119999886,0,2.029999971,0.330000013,3.660000086,0,35,32,189,787,2734
27,4/15/2016,Friday,8585,5.670000076,5.670000076,0,2.039999962,1.110000014,2.529999971,0,30,21,139,864,2395
27,4/16/2016,Saturday,31,0.01,0.01,0,0,0,0.01,0,0,0,3,1437,1635
27,4/17/2016,Sunday,0,0,0,0,0,0,0,0,0,0,0,1440,1629
27,4/18/2016,Monday,9827,6.710000038,6.710000038,0,3.170000076,1.220000029,2.309999943,0,61,51,114,1136,2743
27,4/19/2016,Tuesday,10688,7.289999962,7.289999962,0,3.529999971,1.230000019,2.50999999,0,67,69,124,671,2944
27,4/20/2016,Wednesday,14365,10.64000034,10.64000034,0,7.639999866,0.449999988,2.539999962,0,87,13,145,797,2997
27,4/21/2016,Thursday,9469,6.179999828,6.179999828,0,1.360000014,0.300000012,4.510000229,0,19,6,206,758,2463
27,4/22/2016,Friday,9753,6.53000021,6.53000021,0,2.869999886,0.970000029,2.670000076,0,58,59,153,762,2846
27,4/23/2016,Saturday,2817,1.809999943,1.809999943,0,0,0,1.799999952,0,0,0,90,1350,1965
27,4/24/2016,Sunday,3520,2.160000086,2.160000086,0,0,0,2.150000095,0,0,0,125,566,2049
27,4/25/2016,Monday,10091,6.820000172,6.820000172,0,3.75,0.699999988,2.369999886,0,69,39,129,706,2752
27,4/26/2016,Tuesday,10387,7.070000172,7.070000172,0,4.159999847,0.769999981,2.119999886,0,70,33,132,726,2781
27,4/27/2016,Wednesday,11107,8.340000153,8.340000153,0,5.630000114,0.180000007,2.529999971,0,55,6,145,829,2693
27,4/28/2016,Thursday,11584,7.800000191,7.800000191,0,2.789999962,1.639999986,3.359999895,0,54,48,161,810,2862
27,4/29/2016,Friday,7881,4.949999809,4.949999809,0,0.49000001,0.449999988,4,0,24,36,182,1198,2616
27,4/30/2016,Saturday,14560,9.409999847,9.409999847,0,3.119999886,1.039999962,5.239999771,0,42,17,308,584,2995
27,5/1/2016,Sunday,12390,8.069999695,8.069999695,0,2.299999952,0.899999976,4.849999905,0,30,15,258,685,2730
27,5/2/2016,Monday,10052,6.809999943,6.809999943,0,3.480000019,0.660000026,2.660000086,0,66,26,139,737,2754
27,5/3/2016,Tuesday,10288,6.760000229,6.760000229,0,2.74000001,0.850000024,3.160000086,0,57,36,152,761,2754
27,5/4/2016,Wednesday,10988,8.31000042,8.31000042,0,5.28000021,0.119999997,2.900000095,0,45,12,135,843,2655
27,5/5/2016,Thursday,8564,5.599999905,5.599999905,0,1.779999971,0.829999983,2.950000048,0,24,14,149,1253,2386
27,5/6/2016,Friday,12461,8.380000114,8.380000114,0,3.819999933,1.429999948,3.119999886,0,84,35,154,834,2924
27,5/7/2016,Saturday,12827,8.479999542,8.479999542,0,1.460000038,2.329999924,4.679999828,0,20,42,209,621,2739
27,5/8/2016,Sunday,10677,7.099999905,7.099999905,0,2.309999943,1.529999971,3.25,0,32,27,147,695,2534
27,5/9/2016,Monday,13566,9.109999657,9.109999657,0,4.260000229,1.710000038,3.119999886,0,67,50,171,743,2960
27,5/10/2016,Tuesday,14433,10.78999996,10.78999996,0,7.110000134,1.200000048,2.450000048,0,72,23,106,1182,2800
27,5/11/2016,Wednesday,9572,6.519999981,6.519999981,0,2.890000105,1.389999986,2.230000019,0,57,40,128,757,2735
27,5/12/2016,Thursday,3789,2.559999943,2.559999943,0,0.379999995,0.270000011,1.889999986,0,5,4,58,343,1199
28,4/12/2016,Tuesday,18060,14.11999989,14.11999989,0,11.64000034,0.389999986,2.099999905,0,116,8,123,1193,3186
28,4/13/2016,Wednesday,16433,13.35000038,13.35000038,0,10.43000031,0.469999999,2.450000048,0,95,12,156,1177,3140
28,4/14/2016,Thursday,20159,15.97000027,15.97000027,0,12.34000015,0.209999993,3.359999895,0,119,5,193,1123,3411
28,4/15/2016,Friday,20669,16.23999977,16.23999977,0,13.26000023,0.389999986,2.589999914,0,132,8,158,1142,3410
28,4/16/2016,Saturday,14549,11.10999966,11.10999966,0,9.359999657,0.270000011,1.49000001,0,96,6,83,1255,2867
28,4/17/2016,Sunday,18827,13.68999958,13.68999958,0,9.239999771,0.800000012,3.640000105,0,111,21,195,1113,3213
28,4/18/2016,Monday,17076,12.65999985,12.65999985,0,9.079999924,0.230000004,3.349999905,0,102,6,195,1137,3133
28,4/19/2016,Tuesday,15929,12.47999954,12.47999954,0,9.220000267,0.310000002,2.950000048,0,90,7,191,1152,3114
28,4/20/2016,Wednesday,15108,12.18999958,12.18999958,0,9.579999924,0.230000004,2.380000114,0,89,5,158,695,3043
28,4/21/2016,Thursday,16057,12.51000023,12.51000023,0,9.670000076,0.25,2.579999924,0,100,6,170,1164,3103
28,4/22/2016,Friday,10520,8.289999962,8.289999962,0,6.260000229,0.150000006,1.879999995,0,60,3,117,1260,2655
28,4/23/2016,Saturday,22359,17.19000053,17.19000053,0,12.53999996,0.629999995,4.019999981,0,125,14,223,741,3554
28,4/24/2016,Sunday,22988,17.95000076,17.95000076,0,13.13000011,1.549999952,3.25999999,0,129,33,182,1096,3577
28,4/25/2016,Monday,20500,15.68999958,15.68999958,0,11.36999989,0.460000008,3.859999895,0,118,9,209,1104,3403
28,4/26/2016,Tuesday,12685,9.619999886,9.619999886,0,6.309999943,0.200000003,3.099999905,0,68,5,185,1182,2846
28,4/27/2016,Wednesday,12422,9.819999695,9.819999695,0,6.460000038,0.430000007,2.930000067,0,60,10,183,1187,2852
28,4/28/2016,Thursday,15447,12.39999962,12.39999962,0,9.670000076,0.389999986,2.349999905,0,90,9,153,1188,3062
28,4/29/2016,Friday,12315,9.649999619,9.649999619,0,6.170000076,0.310000002,3.170000076,0,58,8,159,1215,2794
28,4/30/2016,Saturday,7135,5.590000153,5.590000153,0,2.99000001,0.059999999,2.539999962,0,27,1,131,1281,2408
28,5/1/2016,Sunday,1170,0.850000024,0.850000024,0,0,0,0.850000024,0,0,0,51,1389,1886
28,5/2/2016,Monday,1969,1.429999948,1.429999948,0,0,0,1.429999948,0,0,0,95,1345,1988
28,5/3/2016,Tuesday,15484,11.89999962,11.89999962,0,8.390000343,0.930000007,2.589999914,0,87,22,165,1166,3023
28,5/4/2016,Wednesday,14581,11.14999962,11.14999962,0,8.819999695,0.400000006,1.909999967,0,89,8,123,1220,2918
28,5/5/2016,Thursday,14990,11.51000023,11.51000023,0,8.850000381,0.449999988,2.210000038,0,93,9,130,1208,2950
28,5/6/2016,Friday,13953,11,11,0,9.100000381,0.689999998,1.210000038,0,90,15,90,1245,2859
28,5/7/2016,Saturday,19769,15.67000008,15.67000008,0,12.43999958,0.879999995,2.349999905,0,121,20,148,1076,3331
28,5/8/2016,Sunday,22026,17.64999962,17.64999962,0,13.39999962,0.589999974,3.660000086,0,125,14,228,1073,3589
28,5/9/2016,Monday,12465,9.380000114,9.380000114,0,6.119999886,0.569999993,2.690000057,0,66,12,148,1214,2765
28,5/10/2016,Tuesday,14810,11.35999966,11.35999966,0,9.090000153,0.419999987,1.850000024,0,96,10,115,1219,2926
28,5/11/2016,Wednesday,12209,9.399999619,9.399999619,0,6.079999924,0.280000001,3.039999962,0,60,7,184,1189,2809
28,5/12/2016,Thursday,4998,3.910000086,3.910000086,0,2.950000048,0.200000003,0.75999999,0,28,4,39,839,1505
29,4/12/2016,Tuesday,9033,7.159999847,7.159999847,0,5.429999828,0.140000001,1.590000033,0,40,2,154,1244,2044
29,4/13/2016,Wednesday,8053,6.099999905,6.099999905,0,4.170000076,0.629999995,1.309999943,0,35,11,96,1298,1935
29,4/14/2016,Thursday,5234,3.460000038,3.460000038,0,1.929999948,0.99000001,0.540000021,0,29,16,33,1362,1705
29,4/15/2016,Friday,2672,1.769999981,1.769999981,0,0,0,1.75999999,0,0,0,105,1335,1632
29,4/16/2016,Saturday,9256,6.139999866,6.139999866,0,0.430000007,3.269999981,2.450000048,0,6,51,115,1268,1880
29,4/17/2016,Sunday,10204,7.909999847,7.909999847,0,5.429999828,0.150000006,2.329999924,0,41,5,157,1237,2112
29,4/18/2016,Monday,5151,3.480000019,3.480000019,0,1.039999962,0.629999995,1.799999952,0,16,16,130,1278,1829
29,4/19/2016,Tuesday,4212,2.779999971,2.779999971,0,0,0,2.779999971,0,0,0,164,1276,1763
29,4/20/2016,Wednesday,6466,4.269999981,4.269999981,0,0.330000013,0.819999993,3.109999895,0.01,5,18,216,1201,1931
29,4/21/2016,Thursday,11268,8.56000042,8.56000042,0,5.880000114,0.930000007,1.75,0,49,20,172,1199,2218
29,4/22/2016,Friday,2824,1.870000005,1.870000005,0,0,0,1.870000005,0,0,0,120,1320,1651
29,4/23/2016,Saturday,9282,6.260000229,6.260000229,0,2.089999914,1.039999962,3.130000114,0,30,26,191,1193,2132
29,4/24/2016,Sunday,8905,7.130000114,7.130000114,0,5.599999905,0.189999998,1.340000033,0,41,4,82,1313,1976
29,4/25/2016,Monday,6829,4.510000229,4.510000229,0,0.360000014,2.390000105,1.769999981,0,7,54,118,1261,1909
29,4/26/2016,Tuesday,4562,3.039999962,3.039999962,0,1.179999948,0.49000001,1.370000005,0,19,14,108,1299,1813
29,4/27/2016,Wednesday,10232,8.180000305,8.180000305,0,6.239999771,0.230000004,1.700000048,0,45,5,104,1286,2008
29,4/28/2016,Thursday,2718,1.799999952,1.799999952,0,0.670000017,0.779999971,0.340000004,0,11,16,20,1393,1580
29,4/29/2016,Friday,6260,4.260000229,4.260000229,0,1.289999962,0.540000021,2.400000095,0,16,14,136,1257,1854
29,4/30/2016,Saturday,0,0,0,0,0,0,0,0,0,0,0,1440,0
30,4/12/2016,Tuesday,7626,6.050000191,6.050000191,2.253081083,0.829999983,0.709999979,4.5,0,65,15,156,723,3635
30,4/13/2016,Wednesday,12386,9.819999695,9.819999695,2.092147112,4.960000038,0.649999976,4.210000038,0,116,14,169,680,4079
30,4/14/2016,Thursday,13318,10.56000042,10.56000042,2.253081083,5.619999886,1.029999971,3.910000086,0,123,21,174,699,4163
30,4/15/2016,Friday,14461,11.47000027,11.47000027,0,4.909999847,1.149999976,5.409999847,0,60,23,190,729,3666
30,4/16/2016,Saturday,11207,8.890000343,8.890000343,0,5.369999886,1.070000052,2.440000057,0,64,21,142,563,3363
30,4/17/2016,Sunday,2132,1.690000057,1.690000057,0,0,0,1.690000057,0,0,0,93,599,2572
30,4/18/2016,Monday,13630,10.81000042,10.81000042,2.092147112,5.050000191,0.560000002,5.199999809,0,117,10,174,720,4157
30,4/19/2016,Tuesday,13070,10.35999966,10.35999966,2.253081083,5.300000191,0.879999995,4.179999828,0,120,19,154,737,4092
30,4/20/2016,Wednesday,9388,7.440000057,7.440000057,2.092147112,2.230000019,0.439999998,4.78000021,0,82,8,169,763,3787
30,4/21/2016,Thursday,15148,12.01000023,12.01000023,2.253081083,6.900000095,0.819999993,4.289999962,0,137,16,145,677,4236
30,4/22/2016,Friday,12200,9.670000076,9.670000076,2.092147112,4.909999847,0.589999974,4.179999828,0,113,12,159,769,4044
30,4/23/2016,Saturday,5709,4.53000021,4.53000021,0,1.519999981,0.519999981,2.480000019,0,19,10,136,740,2908
30,4/24/2016,Sunday,3703,2.940000057,2.940000057,0,0,0,2.940000057,0,0,0,135,734,2741
30,4/25/2016,Monday,12405,9.840000153,9.840000153,2.092147112,5.050000191,0.870000005,3.920000076,0,117,16,141,692,4005
30,4/26/2016,Tuesday,16208,12.85000038,12.85000038,0,7.510000229,0.920000017,4.420000076,0,90,18,161,593,3763
30,4/27/2016,Wednesday,7359,5.840000153,5.840000153,0,0.330000013,0.180000007,5.329999924,0,4,4,192,676,3061
30,4/28/2016,Thursday,5417,4.300000191,4.300000191,0,0.899999976,0.49000001,2.910000086,0,11,10,139,711,2884
30,4/29/2016,Friday,6175,4.900000095,4.900000095,0,0.25,0.360000014,4.269999981,0,3,7,172,767,2982
30,4/30/2016,Saturday,2946,2.339999914,2.339999914,0,0,0,2.339999914,0,0,0,121,780,2660
30,5/1/2016,Sunday,11419,9.06000042,9.06000042,0,6.03000021,0.560000002,2.470000029,0,71,10,127,669,3369
30,5/2/2016,Monday,6064,4.809999943,4.809999943,2.092147112,0.629999995,0.170000002,4.010000229,0,63,4,142,802,3491
30,5/3/2016,Tuesday,8712,6.909999847,6.909999847,2.253081083,1.340000033,1.059999943,4.5,0,71,20,195,822,3784
30,5/4/2016,Wednesday,7875,6.239999771,6.239999771,0,1.559999943,0.49000001,4.199999809,0,19,10,167,680,3110
30,5/5/2016,Thursday,8567,6.789999962,6.789999962,2.253081083,0.889999986,0.159999996,5.739999771,0,66,3,214,764,3783
30,5/6/2016,Friday,7045,5.590000153,5.590000153,2.092147112,1.549999952,0.25,3.779999971,0,74,5,166,831,3644
30,5/7/2016,Saturday,4468,3.539999962,3.539999962,0,0,0,3.539999962,0,0,0,158,851,2799
30,5/8/2016,Sunday,2943,2.329999924,2.329999924,0,0,0,2.329999924,0,0,0,139,621,2685
30,5/9/2016,Monday,8382,6.650000095,6.650000095,2.092147112,1.269999981,0.660000026,4.71999979,0,71,13,171,772,3721
30,5/10/2016,Tuesday,6582,5.21999979,5.21999979,2.253081083,0.660000026,0.639999986,3.920000076,0,63,13,152,840,3586
30,5/11/2016,Wednesday,9143,7.25,7.25,2.092147112,1.389999986,0.589999974,5.269999981,0,72,10,184,763,3788
30,5/12/2016,Thursday,4561,3.619999886,3.619999886,0,0.649999976,0.270000011,2.690000057,0,8,6,102,433,1976
31,4/12/2016,Tuesday,5014,3.910000086,3.910000086,0,0,0.330000013,3.579999924,0,0,7,196,1237,2650
31,4/13/2016,Wednesday,5571,4.349999905,4.349999905,0,0.150000006,0.970000029,3.230000019,0,2,23,163,1252,2654
31,4/14/2016,Thursday,3135,2.450000048,2.450000048,0,0,0,2.430000067,0,0,0,134,1306,2443
31,4/15/2016,Friday,3430,2.680000067,2.680000067,0,0,0,0.899999976,0,0,0,65,1375,2505
31,4/16/2016,Saturday,5319,4.150000095,4.150000095,0,0,0,0,0,0,0,0,1440,2693
31,4/17/2016,Sunday,3008,2.349999905,2.349999905,0,0,0,0,0,0,0,0,1440,2439
31,4/18/2016,Monday,3864,3.00999999,3.00999999,0,0.310000002,1.059999943,1.350000024,0,4,22,105,1309,2536
31,4/19/2016,Tuesday,5697,4.440000057,4.440000057,0,0.529999971,0.479999989,3.440000057,0,7,10,166,1257,2668
31,4/20/2016,Wednesday,5273,4.110000134,4.110000134,0,0,1.039999962,3.069999933,0,0,27,167,1246,2647
31,4/21/2016,Thursday,8538,6.659999847,6.659999847,0,2.630000114,1.019999981,3.00999999,0,35,18,158,1229,2883
31,4/22/2016,Friday,8687,6.78000021,6.78000021,0,0.289999992,2.410000086,4.079999924,0,4,54,212,1170,2944
31,4/23/2016,Saturday,9423,7.349999905,7.349999905,0,0.529999971,2.029999971,4.75,0,7,44,238,1151,3012
31,4/24/2016,Sunday,8286,6.460000038,6.460000038,0,0.150000006,2.049999952,4.269999981,0,2,44,206,1188,2889
31,4/25/2016,Monday,4503,3.50999999,3.50999999,0,1.470000029,0.239999995,1.809999943,0,18,6,122,1294,2547
31,4/26/2016,Tuesday,10499,8.18999958,8.18999958,0,0.07,4.21999979,3.890000105,0,1,91,214,1134,3093
31,4/27/2016,Wednesday,12474,9.729999542,9.729999542,0,6.599999905,0.270000011,2.869999886,0,77,5,129,1229,3142
31,4/28/2016,Thursday,6174,4.820000172,4.820000172,0,0,1.200000048,3.609999895,0,0,28,203,1209,2757
31,4/29/2016,Friday,15168,11.82999992,11.82999992,0,3.900000095,3,4.920000076,0,46,67,258,1069,3513
31,4/30/2016,Saturday,10085,7.869999886,7.869999886,0,0.150000006,1.279999971,6.429999828,0,2,28,317,1093,3164
31,5/1/2016,Sunday,4512,3.519999981,3.519999981,0,0.779999971,0.119999997,2.039999962,0,10,2,117,1311,2596
31,5/2/2016,Monday,8469,6.610000134,6.610000134,0,0,0,0,0,0,0,0,1440,2894
31,5/3/2016,Tuesday,12015,9.369999886,9.369999886,0,0,0,0,0,0,0,0,1440,3212
31,5/4/2016,Wednesday,3588,2.799999952,2.799999952,0,0,0,0,0,0,0,0,1440,2516
31,5/5/2016,Thursday,12427,9.68999958,9.68999958,0,0,0,1.179999948,0,0,0,70,1370,3266
31,5/6/2016,Friday,5843,4.559999943,4.559999943,0,0.140000001,1.190000057,3.230000019,0,2,22,166,1250,2683
31,5/7/2016,Saturday,6117,4.769999981,4.769999981,0,0,0,4.769999981,0,0,0,250,1190,2810
31,5/8/2016,Sunday,9217,7.190000057,7.190000057,0,0.219999999,3.309999943,3.660000086,0,3,72,182,1183,2940
31,5/9/2016,Monday,9877,7.699999809,7.699999809,0,5.760000229,0.170000002,1.730000019,0,66,4,110,1260,2947
31,5/10/2016,Tuesday,8240,6.429999828,6.429999828,0,0.689999998,2.00999999,3.720000029,0,9,43,162,1226,2846
31,5/11/2016,Wednesday,8701,6.789999962,6.789999962,0,0.370000005,3.24000001,3.170000076,0,5,71,177,1106,2804
31,5/12/2016,Thursday,0,0,0,0,0,0,0,0,0,0,0,1440,0
32,4/12/2016,Tuesday,2564,1.639999986,1.639999986,0,0,0,1.639999986,0,0,0,116,831,2044
32,4/13/2016,Wednesday,1320,0.839999974,0.839999974,0,0,0,0.839999974,0,0,0,82,806,1934
32,4/14/2016,Thursday,1219,0.779999971,0.779999971,0,0,0,0.779999971,0,0,0,84,853,1963
32,4/15/2016,Friday,2483,1.590000033,1.590000033,0,0,0,1.590000033,0,0,0,126,937,2009
32,4/16/2016,Saturday,244,0.159999996,0.159999996,0,0,0,0.159999996,0,0,0,12,1428,1721
32,4/17/2016,Sunday,0,0,0,0,0,0,0,0,0,0,0,1440,1688
32,4/18/2016,Monday,0,0,0,0,0,0,0,0,0,0,0,1440,1688
32,4/19/2016,Tuesday,0,0,0,0,0,0,0,0,0,0,0,1440,1688
32,4/20/2016,Wednesday,3147,2.00999999,2.00999999,0,0,0.280000001,1.74000001,0,0,10,139,744,2188
32,4/21/2016,Thursday,144,0.090000004,0.090000004,0,0,0,0.090000004,0,0,0,9,1431,1720
32,4/22/2016,Friday,4068,2.599999905,2.599999905,0,0.050000001,0.280000001,2.269999981,0,1,20,195,817,2419
32,4/23/2016,Saturday,5245,3.359999895,3.359999895,0,0.159999996,0.439999998,2.75,0,8,45,232,795,2748
32,4/24/2016,Sunday,400,0.25999999,0.25999999,0,0.039999999,0.050000001,0.159999996,0,3,8,19,1410,1799
32,4/25/2016,Monday,0,0,0,0,0,0,0,0,0,0,0,1440,1688
32,4/26/2016,Tuesday,1321,0.850000024,0.850000024,0,0,0,0.850000024,0,0,0,80,1360,1928
32,4/27/2016,Wednesday,1758,1.129999995,1.129999995,0,0,0,1.129999995,0,0,0,112,900,2067
32,4/28/2016,Thursday,6157,3.940000057,3.940000057,0,0,0,3.940000057,0,0,0,310,714,2780
32,4/29/2016,Friday,8360,5.349999905,5.349999905,0,0.140000001,0.280000001,4.929999828,0,6,14,380,634,3101
32,4/30/2016,Saturday,7174,4.590000153,4.590000153,0,0.330000013,0.360000014,3.910000086,0,10,20,301,749,2896
32,5/1/2016,Sunday,1619,1.039999962,1.039999962,0,0,0,1.039999962,0,0,0,79,834,1962
32,5/2/2016,Monday,1831,1.169999957,1.169999957,0,0,0,1.169999957,0,0,0,101,916,2015
32,5/3/2016,Tuesday,2421,1.549999952,1.549999952,0,0,0,1.549999952,0,0,0,156,739,2297
32,5/4/2016,Wednesday,2283,1.460000038,1.460000038,0,0,0,1.460000038,0,0,0,129,848,2067
32,5/5/2016,Thursday,0,0,0,0,0,0,0,0,0,0,0,1440,1688
32,5/6/2016,Friday,0,0,0,0,0,0,0,0,0,0,0,1440,1688
32,5/7/2016,Saturday,0,0,0,0,0,0,0,0,0,0,0,1440,1688
32,5/8/2016,Sunday,0,0,0,0,0,0,0,0,0,0,0,1440,1688
32,5/9/2016,Monday,0,0,0,0,0,0,0,0,0,0,0,1440,1688
32,5/10/2016,Tuesday,0,0,0,0,0,0,0,0,0,0,0,48,57
33,4/12/2016,Tuesday,23186,20.39999962,20.39999962,0,12.22000027,0.340000004,7.820000172,0,85,7,312,1036,3921
33,4/13/2016,Wednesday,15337,9.579999924,9.579999924,0,3.549999952,0.379999995,5.639999866,0,108,18,216,1098,3566
33,4/14/2016,Thursday,21129,18.97999954,18.97999954,0,10.55000019,0.589999974,7.75,0.02,68,13,298,1061,3793
33,4/15/2016,Friday,13422,7.170000076,7.170000076,0,0.050000001,0.050000001,7.010000229,0.01,106,1,281,1052,3934
33,4/16/2016,Saturday,29326,25.29000092,25.29000092,0,13.23999977,1.210000038,10.71000004,0,94,29,429,888,4547
33,4/17/2016,Sunday,15118,8.869999886,8.869999886,0,0,0.07,8.789999962,0,58,15,307,1060,3545
33,4/18/2016,Monday,11423,8.670000076,8.670000076,0,2.440000057,0.270000011,5.940000057,0,29,5,191,1215,2761
33,4/19/2016,Tuesday,18785,17.39999962,17.39999962,0,12.14999962,0.180000007,5.03000021,0,82,13,214,1131,3676
33,4/20/2016,Wednesday,19948,18.11000061,18.11000061,0,11.02000046,0.689999998,6.340000153,0,73,19,225,1123,3679
33,4/21/2016,Thursday,19377,17.62000084,17.62000084,0,12.28999996,0.419999987,4.889999866,0,82,13,226,1119,3659
33,4/22/2016,Friday,18258,16.30999947,16.30999947,0,10.22999954,0.029999999,5.96999979,0.050000001,61,2,236,1141,3427
33,4/23/2016,Saturday,11200,7.429999828,7.429999828,0,0,0,7.400000095,0.01,102,6,300,1032,3891
33,4/24/2016,Sunday,16674,15.73999977,15.73999977,0,11.01000023,0.01,4.690000057,0,64,1,227,1148,3455
33,4/25/2016,Monday,12986,8.739999771,8.739999771,0,2.369999886,0.07,6.269999981,0.01,113,8,218,1101,3802
33,4/26/2016,Tuesday,11101,8.430000305,8.430000305,0,1.75999999,0.129999995,6.5,0,22,3,258,1157,2860
33,4/27/2016,Wednesday,23629,20.64999962,20.64999962,0,13.06999969,0.439999998,7.099999905,0,93,8,235,1104,3808
33,4/28/2016,Thursday,14890,11.30000019,11.30000019,0,4.929999828,0.379999995,5.96999979,0,58,8,231,1143,3060
33,4/29/2016,Friday,9733,7.389999866,7.389999866,0,1.379999995,0.170000002,5.789999962,0,18,5,210,1207,2698
33,4/30/2016,Saturday,27745,26.71999931,26.71999931,0,21.65999985,0.079999998,4.929999828,0,124,4,223,1089,4398
33,5/1/2016,Sunday,10930,8.319999695,8.319999695,0,3.130000114,0.569999993,4.570000172,0,36,12,166,1226,2786
33,5/2/2016,Monday,4790,3.640000105,3.640000105,0,0,0,3.559999943,0,0,0,105,1335,2189
33,5/3/2016,Tuesday,10818,8.210000038,8.210000038,0,1.389999986,0.100000001,6.670000076,0.01,19,3,229,1189,2817
33,5/4/2016,Wednesday,18193,16.29999924,16.29999924,0,10.42000008,0.310000002,5.53000021,0,66,8,212,1154,3477
33,5/5/2016,Thursday,14055,10.67000008,10.67000008,0,5.460000038,0.819999993,4.369999886,0,67,15,188,1170,3052
33,5/6/2016,Friday,21727,19.34000015,19.34000015,0,12.78999996,0.289999992,6.159999847,0,96,17,232,1095,4015
33,5/7/2016,Saturday,12332,8.130000114,8.130000114,0,0.079999998,0.959999979,6.989999771,0,105,28,271,1036,4142
33,5/8/2016,Sunday,10686,8.109999657,8.109999657,0,1.080000043,0.200000003,6.800000191,0,17,4,245,1174,2847
33,5/9/2016,Monday,20226,18.25,18.25,0,11.10000038,0.800000012,6.239999771,0.050000001,73,19,217,1131,3710
33,5/10/2016,Tuesday,10733,8.149999619,8.149999619,0,1.350000024,0.460000008,6.28000021,0,18,11,224,1187,2832
33,5/11/2016,Wednesday,21420,19.55999947,19.55999947,0,13.22000027,0.409999996,5.889999866,0,88,12,213,1127,3832
33,5/12/2016,Thursday,8064,6.119999886,6.119999886,0,1.820000052,0.039999999,4.25,0,23,1,137,770,1849
